123456
password
12345678
qwerty
123456789
12345
1234
111111
1234567
dragon
123123
baseball
football
welcome
monkey
shadow
mustang
michael
superman
jordan
access
harley
rangers
bullet
robert
silver
charlie
thomas
orange
mercedes
cheese
killer
secret
cookie
princess
albert
summer
trustno1
hunter
george
jumper
barney
marvin
buster
freedom
galaxy
spiderman
champion
thunder
captain
william
corvette
morgan
computer
miller
andrew
matrix
falcon
daniel
pepper
guitar
walter
hammer
spring
doctor
sunset
samuel
yellow
coffee
bandit
boston
dakota
golden
simpson
panther
donald
anthony
ferrari
phoenix
trouble
magic
chelsea
winner
diamond
player
chester
diesel
cougar
jackson
cowboy
corrado
martin
hannah
jaguar
bailey
cooper
timber
brandy
stella
porter
edward
casper
oliver
hunter2
admin
root
toor
pass
login
guest
default
changeme
letmein
pass123
password1
password123
secret123
admin123
welcome1
admin1
test
test123
user
user123
abc123
iloveyou
sunshine
master
hello
hello123
login123
qwerty123
qwerty1
pass@word
pass1
passw0rd
p@ssword
p@ssw0rd
P@ssw0rd
P@ssword1
P@ssword123
Password1
Password@1
Password@123
Password1!
123qwe
123abc
1q2w3e
1qaz2wsx
qazwsx
qweasd
!@#$%^&*
password!
password#1
Summer2024!
Summer2025!
Summer2026!
Winter2024!
Winter2025!
Winter2026!
Spring2024!
Spring2025!
Fall2024!
Autumn2024!
Password2024
Password2025
Password2026
Admin2024
Admin2025
Welcome2024
Welcome2025
Letmein2024
Letmein2025
password2024
password2025
password2026
admin2024
admin2025
welcome2024
welcome2025
letmein2024
letmein2025
0000
1111
2222
3333
4444
5555
6666
7777
8888
9999
4321
1212
2121
6969
1337
1998
1999
2000
2001
2002
2003
2004
2005
2006
2007
2008
2009
2010
2011
2012
2013
2014
2015
2016
2017
2018
2019
2020
2021
2022
2023
2024
2025
2026
54321
11111
22222
55555
00000
99999
654321
999999
000000
696969
1234567890
ashley
jessica
joshua
matthew
nicholas
angela
michelle
amanda
jennifer
melissa
stephanie
heather
nicole
amanda1
jessica1
michael1
jordan23
jordan1
lebron
kobe
tiger
soccer
hockey
basketball
football1
nascar
tennis
mustang1
camaro
corvette1
honda
toyota
nissan
dodge
bmw
audi
batman
superman1
spiderman1
ironman
wolverine
captain1
avengers
starwars
stargate
startrek
matrix1
terminator
transformer
thematrix
indiana
harrypotter
hermione
dumbledore
voldemort
liverpool
chelsea1
arsenal
manchester
barcelona
madrid
juventus
rangers1
yankees
redsox
cowboys
patriots
steelers
eagles
iloveyou1
iloveyou2
ilove
loveyou
loveme
babygirl
babyboy
monkey1
dragon1
shadow1
tiger1
panther1
eagle1
falcon1
cobra
hunter1
master1
ranger1
maverick
predator
commando
soldier
wifi
wireless
internet
network
router
modem
linksys
netgear
belkin
dlink
asus
cisco
ubiquiti
openwrt
ddwrt
tomato
admin123!
Admin1234
router123
wifi1234
password01
Password01
masterkey
master123
vault123
keepass
keepassword
MyVault
safepassword
SafePass
1Password
onepassword
passmanager
p4ssw0rd
pa$$word
p@55w0rd
l3tm3in
s3cr3t
4dm1n
r00t
h4x0r
1337speak
su93r
p@$$w0rd
@dm1n
pa55w0rd
Pa55w0rd
qwertyuiop
asdfghjkl
zxcvbnm
asdf1234
zxcvbn
qazxsw
qazxswedcvfr
1qazxsw2
2wsxcde3
qwerasdf
asdfqwer
love
hate
home
work
play
life
time
good
best
cool
god
sex
hot
new
old
big
bad
man
war
win
top
pro
god123
sex123
love123
home123
work123
life123
time123
666666
123321
fuckyou
131313
123456a
a123456
rockyou
111222333
letmein1
!QAZ@WSX
!QAZ@WSX!
!QAZ@WSX1
!QAZ@WSX123
!qaz@wsx
!qaz@wsx!
!qaz@wsx1
!qaz@wsx123
000001
000002
000003
000004
000005
000006
000007
000008
000009
00001
000010
000011
000012
000013
000014
000015
000016
000017
000018
000019
00002
000020
000021
000022
000023
000024
000025
000026
000027
000028
000029
00003
000030
000031
000032
000033
000034
000035
000036
000037
000038
000039
00004
000040
000041
000042
000043
000044
000045
000046
000047
000048
000049
00005
000050
000051
000052
000053
000054
000055
000056
000057
000058
000059
00006
000060
000061
000062
000063
000064
000065
000066
000067
000068
000069
00007
000070
000071
000072
000073
000074
000075
000076
000077
000078
000079
00008
000080
000081
000082
000083
000084
000085
000086
000087
000088
000089
00009
000090
000091
000092
000093
000094
000095
000096
000097
000098
000099
0001
00010
000100
000101
000102
000103
000104
000105
000106
000107
000108
000109
00011
000110
000111
000112
000113
000114
000115
000116
000117
000118
000119
00012
000120
000121
000122
000123
000124
000125
000126
000127
000128
000129
00013
000130
000131
000132
000133
000134
000135
000136
000137
000138
000139
00014
000140
000141
000142
000143
000144
000145
000146
000147
000148
000149
00015
000150
000151
000152
000153
000154
000155
000156
000157
000158
000159
00016
000160
000161
000162
000163
000164
000165
000166
000167
000168
000169
00017
000170
000171
000172
000173
000174
000175
000176
000177
000178
000179
00018
000180
000181
000182
000183
000184
000185
000186
000187
000188
000189
00019
000190
000191
000192
000193
000194
000195
000196
000197
000198
000199
0002
00020
000200
000201
000202
000203
000204
000205
000206
000207
000208
000209
00021
000210
000211
000212
000213
000214
000215
000216
000217
000218
000219
00022
000220
000221
000222
000223
000224
000225
000226
000227
000228
000229
00023
000230
000231
000232
000233
000234
000235
000236
000237
000238
000239
00024
000240
000241
000242
000243
000244
000245
000246
000247
000248
000249
00025
000250
000251
000252
000253
000254
000255
000256
000257
000258
000259
00026
000260
000261
000262
000263
000264
000265
000266
000267
000268
000269
00027
000270
000271
000272
000273
000274
000275
000276
000277
000278
000279
00028
000280
000281
000282
000283
000284
000285
000286
000287
000288
000289
00029
000290
000291
000292
000293
000294
000295
000296
000297
000298
000299
0003
00030
000300
000301
000302
000303
000304
000305
000306
000307
000308
000309
00031
000310
000311
000312
000313
000314
000315
000316
000317
000318
000319
00032
000320
000321
000322
000323
000324
000325
000326
000327
000328
000329
00033
000330
000331
000332
000333
000334
000335
000336
000337
000338
000339
00034
000340
000341
000342
000343
000344
000345
000346
000347
000348
000349
00035
000350
000351
000352
000353
000354
000355
000356
000357
000358
000359
00036
000360
000361
000362
000363
000364
000365
000366
000367
000368
000369
00037
000370
000371
000372
000373
000374
000375
000376
000377
000378
000379
00038
000380
000381
000382
000383
000384
000385
000386
000387
000388
000389
00039
000390
000391
000392
000393
000394
000395
000396
000397
000398
000399
0004
00040
000400
000401
000402
000403
000404
000405
000406
000407
000408
000409
00041
000410
000411
000412
000413
000414
000415
000416
000417
000418
000419
00042
000420
000421
000422
000423
000424
000425
000426
000427
000428
000429
00043
000430
000431
000432
000433
000434
000435
000436
000437
000438
000439
00044
000440
000441
000442
000443
000444
000445
000446
000447
000448
000449
00045
000450
000451
000452
000453
000454
000455
000456
000457
000458
000459
00046
000460
000461
000462
000463
000464
000465
000466
000467
000468
000469
00047
000470
000471
000472
000473
000474
000475
000476
000477
000478
000479
00048
000480
000481
000482
000483
000484
000485
000486
000487
000488
000489
00049
000490
000491
000492
000493
000494
000495
000496
000497
000498
000499
0005
00050
000500
000501
000502
000503
000504
000505
000506
000507
000508
000509
00051
000510
000511
000512
000513
000514
000515
000516
000517
000518
000519
00052
000520
000521
000522
000523
000524
000525
000526
000527
000528
000529
00053
000530
000531
000532
000533
000534
000535
000536
000537
000538
000539
00054
000540
000541
000542
000543
000544
000545
000546
000547
000548
000549
00055
000550
000551
000552
000553
000554
000555
000556
000557
000558
000559
00056
000560
000561
000562
000563
000564
000565
000566
000567
000568
000569
00057
000570
000571
000572
000573
000574
000575
000576
000577
000578
000579
00058
000580
000581
000582
000583
000584
000585
000586
000587
000588
000589
00059
000590
000591
000592
000593
000594
000595
000596
000597
000598
000599
0006
00060
000600
000601
000602
000603
000604
000605
000606
000607
000608
000609
00061
000610
000611
000612
000613
000614
000615
000616
000617
000618
000619
00062
000620
000621
000622
000623
000624
000625
000626
000627
000628
000629
00063
000630
000631
000632
000633
000634
000635
000636
000637
000638
000639
00064
000640
000641
000642
000643
000644
000645
000646
000647
000648
000649
00065
000650
000651
000652
000653
000654
000655
000656
000657
000658
000659
00066
000660
000661
000662
000663
000664
000665
000666
000667
000668
000669
00067
000670
000671
000672
000673
000674
000675
000676
000677
000678
000679
00068
000680
000681
000682
000683
000684
000685
000686
000687
000688
000689
00069
000690
000691
000692
000693
000694
000695
000696
000697
000698
000699
0007
00070
000700
000701
000702
000703
000704
000705
000706
000707
000708
000709
00071
000710
000711
000712
000713
000714
000715
000716
000717
000718
000719
00072
000720
000721
000722
000723
000724
000725
000726
000727
000728
000729
00073
000730
000731
000732
000733
000734
000735
000736
000737
000738
000739
00074
000740
000741
000742
000743
000744
000745
000746
000747
000748
000749
00075
000750
000751
000752
000753
000754
000755
000756
000757
000758
000759
00076
000760
000761
000762
000763
000764
000765
000766
000767
000768
000769
00077
000770
000771
000772
000773
000774
000775
000776
000777
000778
000779
00078
000780
000781
000782
000783
000784
000785
000786
000787
000788
000789
00079
000790
000791
000792
000793
000794
000795
000796
000797
000798
000799
0008
00080
000800
000801
000802
000803
000804
000805
000806
000807
000808
000809
00081
000810
000811
000812
000813
000814
000815
000816
000817
000818
000819
00082
000820
000821
000822
000823
000824
000825
000826
000827
000828
000829
00083
000830
000831
000832
000833
000834
000835
000836
000837
000838
000839
00084
000840
000841
000842
000843
000844
000845
000846
000847
000848
000849
00085
000850
000851
000852
000853
000854
000855
000856
000857
000858
000859
00086
000860
000861
000862
000863
000864
000865
000866
000867
000868
000869
00087
000870
000871
000872
000873
000874
000875
000876
000877
000878
000879
00088
000880
000881
000882
000883
000884
000885
000886
000887
000888
000889
00089
000890
000891
000892
000893
000894
000895
000896
000897
000898
000899
0009
00090
000900
000901
000902
000903
000904
000905
000906
000907
000908
000909
00091
000910
000911
000912
000913
000914
000915
000916
000917
000918
000919
00092
000920
000921
000922
000923
000924
000925
000926
000927
000928
000929
00093
000930
000931
000932
000933
000934
000935
000936
000937
000938
000939
00094
000940
000941
000942
000943
000944
000945
000946
000947
000948
000949
00095
000950
000951
000952
000953
000954
000955
000956
000957
000958
000959
00096
000960
000961
000962
000963
000964
000965
000966
000967
000968
000969
00097
000970
000971
000972
000973
000974
000975
000976
000977
000978
000979
00098
000980
000981
000982
000983
000984
000985
000986
000987
000988
000989
00099
000990
000991
000992
000993
000994
000995
000996
000997
000998
000999
0010
00100
00101
00102
00103
00104
00105
00106
00107
00108
00109
0011
00110
00111
00112
00113
00114
00115
00116
00117
00118
00119
0012
00120
00121
00122
00123
00124
00125
00126
00127
00128
00129
0013
00130
00131
00132
00133
00134
00135
00136
00137
00138
00139
0014
00140
00141
00142
00143
00144
00145
00146
00147
00148
00149
0015
00150
00151
00152
00153
00154
00155
00156
00157
00158
00159
0016
00160
00161
00162
00163
00164
00165
00166
00167
00168
00169
0017
00170
00171
00172
00173
00174
00175
00176
00177
00178
00179
0018
00180
00181
00182
00183
00184
00185
00186
00187
00188
00189
0019
00190
00191
00192
00193
00194
00195
00196
00197
00198
00199
0020
00200
00201
00202
00203
00204
00205
00206
00207
00208
00209
0021
00210
00211
00212
00213
00214
00215
00216
00217
00218
00219
0022
00220
00221
00222
00223
00224
00225
00226
00227
00228
00229
0023
00230
00231
00232
00233
00234
00235
00236
00237
00238
00239
0024
00240
00241
00242
00243
00244
00245
00246
00247
00248
00249
0025
00250
00251
00252
00253
00254
00255
00256
00257
00258
00259
0026
00260
00261
00262
00263
00264
00265
00266
00267
00268
00269
0027
00270
00271
00272
00273
00274
00275
00276
00277
00278
00279
0028
00280
00281
00282
00283
00284
00285
00286
00287
00288
00289
0029
00290
00291
00292
00293
00294
00295
00296
00297
00298
00299
0030
00300
00301
00302
00303
00304
00305
00306
00307
00308
00309
0031
00310
00311
00312
00313
00314
00315
00316
00317
00318
00319
0032
00320
00321
00322
00323
00324
00325
00326
00327
00328
00329
0033
00330
00331
00332
00333
00334
00335
00336
00337
00338
00339
0034
00340
00341
00342
00343
00344
00345
00346
00347
00348
00349
0035
00350
00351
00352
00353
00354
00355
00356
00357
00358
00359
0036
00360
00361
00362
00363
00364
00365
00366
00367
00368
00369
0037
00370
00371
00372
00373
00374
00375
00376
00377
00378
00379
0038
00380
00381
00382
00383
00384
00385
00386
00387
00388
00389
0039
00390
00391
00392
00393
00394
00395
00396
00397
00398
00399
0040
00400
00401
00402
00403
00404
00405
00406
00407
00408
00409
0041
00410
00411
00412
00413
00414
00415
00416
00417
00418
00419
0042
00420
00421
00422
00423
00424
00425
00426
00427
00428
00429
0043
00430
00431
00432
00433
00434
00435
00436
00437
00438
00439
0044
00440
00441
00442
00443
00444
00445
00446
00447
00448
00449
0045
00450
00451
00452
00453
00454
00455
00456
00457
00458
00459
0046
00460
00461
00462
00463
00464
00465
00466
00467
00468
00469
0047
00470
00471
00472
00473
00474
00475
00476
00477
00478
00479
0048
00480
00481
00482
00483
00484
00485
00486
00487
00488
00489
0049
00490
00491
00492
00493
00494
00495
00496
00497
00498
00499
0050
00500
00501
00502
00503
00504
00505
00506
00507
00508
00509
0051
00510
00511
00512
00513
00514
00515
00516
00517
00518
00519
0052
00520
00521
00522
00523
00524
00525
00526
00527
00528
00529
0053
00530
00531
00532
00533
00534
00535
00536
00537
00538
00539
0054
00540
00541
00542
00543
00544
00545
00546
00547
00548
00549
0055
00550
00551
00552
00553
00554
00555
00556
00557
00558
00559
0056
00560
00561
00562
00563
00564
00565
00566
00567
00568
00569
0057
00570
00571
00572
00573
00574
00575
00576
00577
00578
00579
0058
00580
00581
00582
00583
00584
00585
00586
00587
00588
00589
0059
00590
00591
00592
00593
00594
00595
00596
00597
00598
00599
0060
00600
00601
00602
00603
00604
00605
00606
00607
00608
00609
0061
00610
00611
00612
00613
00614
00615
00616
00617
00618
00619
0062
00620
00621
00622
00623
00624
00625
00626
00627
00628
00629
0063
00630
00631
00632
00633
00634
00635
00636
00637
00638
00639
0064
00640
00641
00642
00643
00644
00645
00646
00647
00648
00649
0065
00650
00651
00652
00653
00654
00655
00656
00657
00658
00659
0066
00660
00661
00662
00663
00664
00665
00666
00667
00668
00669
0067
00670
00671
00672
00673
00674
00675
00676
00677
00678
00679
0068
00680
00681
00682
00683
00684
00685
00686
00687
00688
00689
0069
00690
00691
00692
00693
00694
00695
00696
00697
00698
00699
0070
00700
00701
00702
00703
00704
00705
00706
00707
00708
00709
0071
00710
00711
00712
00713
00714
00715
00716
00717
00718
00719
0072
00720
00721
00722
00723
00724
00725
00726
00727
00728
00729
0073
00730
00731
00732
00733
00734
00735
00736
00737
00738
00739
0074
00740
00741
00742
00743
00744
00745
00746
00747
00748
00749
0075
00750
00751
00752
00753
00754
00755
00756
00757
00758
00759
0076
00760
00761
00762
00763
00764
00765
00766
00767
00768
00769
0077
00770
00771
00772
00773
00774
00775
00776
00777
00778
00779
0078
00780
00781
00782
00783
00784
00785
00786
00787
00788
00789
0079
00790
00791
00792
00793
00794
00795
00796
00797
00798
00799
0080
00800
00801
00802
00803
00804
00805
00806
00807
00808
00809
0081
00810
00811
00812
00813
00814
00815
00816
00817
00818
00819
0082
00820
00821
00822
00823
00824
00825
00826
00827
00828
00829
0083
00830
00831
00832
00833
00834
00835
00836
00837
00838
00839
0084
00840
00841
00842
00843
00844
00845
00846
00847
00848
00849
0085
00850
00851
00852
00853
00854
00855
00856
00857
00858
00859
0086
00860
00861
00862
00863
00864
00865
00866
00867
00868
00869
0087
00870
00871
00872
00873
00874
00875
00876
00877
00878
00879
0088
00880
00881
00882
00883
00884
00885
00886
00887
00888
00889
0089
00890
00891
00892
00893
00894
00895
00896
00897
00898
00899
0090
00900
00901
00902
00903
00904
00905
00906
00907
00908
00909
0091
00910
00911
00912
00913
00914
00915
00916
00917
00918
00919
0092
00920
00921
00922
00923
00924
00925
00926
00927
00928
00929
0093
00930
00931
00932
00933
00934
00935
00936
00937
00938
00939
0094
00940
00941
00942
00943
00944
00945
00946
00947
00948
00949
0095
00950
00951
00952
00953
00954
00955
00956
00957
00958
00959
0096
00960
00961
00962
00963
00964
00965
00966
00967
00968
00969
0097
00970
00971
00972
00973
00974
00975
00976
00977
00978
00979
0098
00980
00981
00982
00983
00984
00985
00986
00987
00988
00989
0099
00990
00991
00992
00993
00994
00995
00996
00997
00998
00999
0100
0101
0102
0103
0104
0105
0106
0107
0108
0109
0110
0111
0112
0113
0114
0115
0116
0117
0118
0119
0120
0121
0122
0123
012345
0123456
01234567
012345678
0124
0125
0126
0127
0128
0129
0130
0131
0132
0133
0134
0135
0136
0137
0138
0139
0140
0141
0142
0143
0144
0145
0146
0147
0148
0149
0150
0151
0152
0153
0154
0155
0156
0157
0158
0159
0160
0161
0162
0163
0164
0165
0166
0167
0168
0169
0170
0171
0172
0173
0174
0175
0176
0177
0178
0179
0180
0181
0182
0183
0184
0185
0186
0187
0188
0189
0190
0191
0192
0193
0194
0195
0196
0197
0198
0199
0200
0201
0202
0203
0204
0205
0206
0207
0208
0209
0210
0211
0212
0213
0214
0215
0216
0217
0218
0219
0220
0221
0222
0223
0224
0225
0226
0227
0228
0229
0230
0231
0232
0233
0234
0235
0236
0237
0238
0239
0240
0241
0242
0243
0244
0245
0246
0247
0248
0249
0250
0251
0252
0253
0254
0255
0256
0257
0258
0259
0260
0261
0262
0263
0264
0265
0266
0267
0268
0269
0270
0271
0272
0273
0274
0275
0276
0277
0278
0279
0280
0281
0282
0283
0284
0285
0286
0287
0288
0289
0290
0291
0292
0293
0294
0295
0296
0297
0298
0299
0300
0301
0302
0303
0304
0305
0306
0307
0308
0309
0310
0311
0312
0313
0314
0315
0316
0317
0318
0319
0320
0321
0322
0323
0324
0325
0326
0327
0328
0329
0330
0331
0332
0333
0334
0335
0336
0337
0338
0339
0340
0341
0342
0343
0344
0345
0346
0347
0348
0349
0350
0351
0352
0353
0354
0355
0356
0357
0358
0359
0360
0361
0362
0363
0364
0365
0366
0367
0368
0369
0370
0371
0372
0373
0374
0375
0376
0377
0378
0379
0380
0381
0382
0383
0384
0385
0386
0387
0388
0389
0390
0391
0392
0393
0394
0395
0396
0397
0398
0399
0400
0401
0402
0403
0404
0405
0406
0407
0408
0409
0410
0411
0412
0413
0414
0415
0416
0417
0418
0419
0420
0421
0422
0423
0424
0425
0426
0427
0428
0429
0430
0431
0432
0433
0434
0435
0436
0437
0438
0439
0440
0441
0442
0443
0444
0445
0446
0447
0448
0449
0450
0451
0452
0453
0454
0455
0456
0457
0458
0459
0460
0461
0462
0463
0464
0465
0466
0467
0468
0469
0470
0471
0472
0473
0474
0475
0476
0477
0478
0479
0480
0481
0482
0483
0484
0485
0486
0487
0488
0489
0490
0491
0492
0493
0494
0495
0496
0497
0498
0499
0500
0501
0502
0503
0504
0505
0506
0507
0508
0509
0510
0511
0512
0513
0514
0515
0516
0517
0518
0519
0520
0521
0522
0523
0524
0525
0526
0527
0528
0529
0530
0531
0532
0533
0534
0535
0536
0537
0538
0539
0540
0541
0542
0543
0544
0545
0546
0547
0548
0549
0550
0551
0552
0553
0554
0555
0556
0557
0558
0559
0560
0561
0562
0563
0564
0565
0566
0567
0568
0569
0570
0571
0572
0573
0574
0575
0576
0577
0578
0579
0580
0581
0582
0583
0584
0585
0586
0587
0588
0589
0590
0591
0592
0593
0594
0595
0596
0597
0598
0599
0600
0601
0602
0603
0604
0605
0606
0607
0608
0609
0610
0611
0612
0613
0614
0615
0616
0617
0618
0619
0620
0621
0622
0623
0624
0625
0626
0627
0628
0629
0630
0631
0632
0633
0634
0635
0636
0637
0638
0639
0640
0641
0642
0643
0644
0645
0646
0647
0648
0649
0650
0651
0652
0653
0654
0655
0656
0657
0658
0659
0660
0661
0662
0663
0664
0665
0666
0667
0668
0669
0670
0671
0672
0673
0674
0675
0676
0677
0678
0679
0680
0681
0682
0683
0684
0685
0686
0687
0688
0689
0690
0691
0692
0693
0694
0695
0696
0697
0698
0699
0700
0701
0702
0703
0704
0705
0706
0707
0708
0709
0710
0711
0712
0713
0714
0715
0716
0717
0718
0719
0720
0721
0722
0723
0724
0725
0726
0727
0728
0729
0730
0731
0732
0733
0734
0735
0736
0737
0738
0739
0740
0741
0742
0743
0744
0745
0746
0747
0748
0749
0750
0751
0752
0753
0754
0755
0756
0757
0758
0759
0760
0761
0762
0763
0764
0765
0766
0767
0768
0769
0770
0771
0772
0773
0774
0775
0776
0777
0778
0779
0780
0781
0782
0783
0784
0785
0786
0787
0788
0789
0790
0791
0792
0793
0794
0795
0796
0797
0798
0799
0800
0801
0802
0803
0804
0805
0806
0807
0808
0809
0810
0811
0812
0813
0814
0815
0816
0817
0818
0819
0820
0821
0822
0823
0824
0825
0826
0827
0828
0829
0830
0831
0832
0833
0834
0835
0836
0837
0838
0839
0840
0841
0842
0843
0844
0845
0846
0847
0848
0849
0850
0851
0852
0853
0854
0855
0856
0857
0858
0859
0860
0861
0862
0863
0864
0865
0866
0867
0868
0869
0870
0871
0872
0873
0874
0875
0876
0877
0878
0879
0880
0881
0882
0883
0884
0885
0886
0887
0888
0889
0890
0891
0892
0893
0894
0895
0896
0897
0898
0899
0900
0901
0902
0903
0904
0905
0906
0907
0908
0909
0910
0911
0912
0913
0914
0915
0916
0917
0918
0919
0920
0921
0922
0923
0924
0925
0926
0927
0928
0929
0930
0931
0932
0933
0934
0935
0936
0937
0938
0939
0940
0941
0942
0943
0944
0945
0946
0947
0948
0949
0950
0951
0952
0953
0954
0955
0956
0957
0958
0959
0960
0961
0962
0963
0964
0965
0966
0967
0968
0969
0970
0971
0972
0973
0974
0975
0976
0977
0978
0979
0980
0981
0982
0983
0984
0985
0986
0987
0987654321
0988
0989
0990
0991
0992
0993
0994
0995
0996
0997
0998
0999
1000
1001
1002
1003
1004
1005
1006
1007
1008
1009
1010
1011
1012
1013
1014
1015
1016
1017
1018
1019
1020
1021
1022
1023
1024
1025
1026
1027
1028
1029
1030
1031
1032
1033
1034
1035
1036
1037
1038
1039
1040
1041
1042
1043
1044
1045
1046
1047
1048
1049
1050
1051
1052
1053
1054
1055
1056
1057
1058
1059
1060
1061
1062
1063
1064
1065
1066
1067
1068
1069
1070
1071
1072
1073
1074
1075
1076
1077
1078
1079
1080
1081
1082
1083
1084
1085
1086
1087
1088
1089
1090
1091
1092
1093
1094
1095
1096
1097
1098
1099
1100
1101
1102
1103
1104
1105
1106
1107
1108
1109
1110
1112
1113
1114
1115
1116
1117
1118
1119
1120
1121
1122
1123
1124
1125
1126
1127
1128
1129
1130
1131
1132
1133
1134
1135
1136
1137
1138
1139
1140
1141
1142
1143
1144
1145
1146
1147
1148
1149
1150
1151
1152
1153
1154
1155
1156
1157
1158
1159
1160
1161
1162
1163
1164
1165
1166
1167
1168
1169
1170
1171
1172
1173
1174
1175
1176
1177
1178
1179
1180
1181
1182
1183
1184
1185
1186
1187
1188
1189
1190
1191
1192
1193
1194
1195
1196
1197
1198
1199
1200
1201
1202
1203
1204
1205
1206
1207
1208
1209
1210
1211
1213
1214
1215
1216
1217
1218
1219
1220
1221
1222
1223
1224
1225
1226
1227
1228
1229
1230
1231
1232
1233
1234qwer
1234qwer!
1234qwer1
1234qwer123
1235
1236
1237
1238
1239
1240
1241
1242
1243
1244
1245
1246
1247
1248
1249
1250
1251
1252
1253
1254
1255
1256
1257
1258
1259
1260
1261
1262
1263
1264
1265
1266
1267
1268
1269
1270
1271
1272
1273
1274
1275
1276
1277
1278
1279
1280
1281
1282
1283
1284
1285
1286
1287
1288
1289
1290
1291
1292
1293
1294
1295
1296
1297
1298
1299
1300
1301
1302
1303
1304
1305
1306
1307
1308
1309
1310
1311
1312
1313
1314
1315
1316
1317
1318
1319
1320
1321
1322
1323
1324
1325
1326
1327
1328
1329
1330
1331
1332
1333
1334
1335
1336
1338
1339
1340
1341
1342
1343
1344
1345
1346
1347
1348
1349
1350
1351
1352
1353
1354
1355
1356
1357
1358
1359
1360
1361
1362
1363
1364
1365
1366
1367
1368
1369
1370
1371
1372
1373
1374
1375
1376
1377
1378
1379
1380
1381
1382
1383
1384
1385
1386
1387
1388
1389
1390
1391
1392
1393
1394
1395
1396
1397
1398
1399
1400
1401
1402
1403
1404
1405
1406
1407
1408
1409
1410
1411
1412
1413
1414
1415
1416
1417
1418
1419
1420
1421
1422
1423
1424
1425
1426
1427
1428
1429
1430
1431
1432
1433
1434
1435
1436
1437
1438
1439
1440
1441
1442
1443
1444
1445
1446
1447
1448
1449
1450
1451
1452
1453
1454
1455
1456
1457
1458
1459
1460
1461
1462
1463
1464
1465
1466
1467
1468
1469
1470
1471
1472
1473
1474
1475
1476
1477
1478
1479
1480
1481
1482
1483
1484
1485
1486
1487
1488
1489
1490
1491
1492
1493
1494
1495
1496
1497
1498
1499
1500
1501
1502
1503
1504
1505
1506
1507
1508
1509
1510
1511
1512
1513
1514
1515
1516
1517
1518
1519
1520
1521
1522
1523
1524
1525
1526
1527
1528
1529
1530
1531
1532
1533
1534
1535
1536
1537
1538
1539
1540
1541
1542
1543
1544
1545
1546
1547
1548
1549
1550
1551
1552
1553
1554
1555
1556
1557
1558
1559
1560
1561
1562
1563
1564
1565
1566
1567
1568
1569
1570
1571
1572
1573
1574
1575
1576
1577
1578
1579
1580
1581
1582
1583
1584
1585
1586
1587
1588
1589
1590
1591
1592
1593
1594
1595
1596
1597
1598
1599
1600
1601
1602
1603
1604
1605
1606
1607
1608
1609
1610
1611
1612
1613
1614
1615
1616
1617
1618
1619
1620
1621
1622
1623
1624
1625
1626
1627
1628
1629
1630
1631
1632
1633
1634
1635
1636
1637
1638
1639
1640
1641
1642
1643
1644
1645
1646
1647
1648
1649
1650
1651
1652
1653
1654
1655
1656
1657
1658
1659
1660
1661
1662
1663
1664
1665
1666
1667
1668
1669
1670
1671
1672
1673
1674
1675
1676
1677
1678
1679
1680
1681
1682
1683
1684
1685
1686
1687
1688
1689
1690
1691
1692
1693
1694
1695
1696
1697
1698
1699
1700
1701
1702
1703
1704
1705
1706
1707
1708
1709
1710
1711
1712
1713
1714
1715
1716
1717
1718
1719
1720
1721
1722
1723
1724
1725
1726
1727
1728
1729
1730
1731
1732
1733
1734
1735
1736
1737
1738
1739
1740
1741
1742
1743
1744
1745
1746
1747
1748
1749
1750
1751
1752
1753
1754
1755
1756
1757
1758
1759
1760
1761
1762
1763
1764
1765
1766
1767
1768
1769
1770
1771
1772
1773
1774
1775
1776
1777
1778
1779
1780
1781
1782
1783
1784
1785
1786
1787
1788
1789
1790
1791
1792
1793
1794
1795
1796
1797
1798
1799
1800
1801
1802
1803
1804
1805
1806
1807
1808
1809
1810
1811
1812
1813
1814
1815
1816
1817
1818
1819
1820
1821
1822
1823
1824
1825
1826
1827
1828
1829
1830
1831
1832
1833
1834
1835
1836
1837
1838
1839
1840
1841
1842
1843
1844
1845
1846
1847
1848
1849
1850
1851
1852
1853
1854
1855
1856
1857
1858
1859
1860
1861
1862
1863
1864
1865
1866
1867
1868
1869
1870
1871
1872
1873
1874
1875
1876
1877
1878
1879
1880
1881
1882
1883
1884
1885
1886
1887
1888
1889
1890
1891
1892
1893
1894
1895
1896
1897
1898
1899
1900
1901
1902
1903
1904
1905
1906
1907
1908
1909
1910
1911
1912
1913
1914
1915
1916
1917
1918
1919
1920
1921
1922
1923
1924
1925
1926
1927
1928
1929
1930
1931
1932
1933
1934
1935
1936
1937
1938
1939
1940
1941
1942
1943
1944
1945
1946
1947
1948
1949
1950
1951
1952
1953
1954
1955
1956
1957
1958
1959
1960
1961
1962
1963
1964
1965
1966
1967
1968
1969
1970
1971
1972
1973
1974
1975
1976
1977
1978
1979
1980
1981
1982
1983
1984
1985
1986
1987
1988
1989
1990
1991
1992
1993
1994
1995
1996
1997
1q2w3e4r
1q2w3e4r!
1q2w3e4r1
1q2w3e4r123
1q2w3e4r5t
1q2w3e4r5t!
1q2w3e4r5t1
1q2w3e4r5t123
1qaz2wsx!
1qaz2wsx1
1qaz2wsx123
2027
2028
2029
2030
2031
2032
2033
2034
2035
2036
2037
2038
2039
2040
2041
2042
2043
2044
2045
2046
2047
2048
2049
2050
2051
2052
2053
2054
2055
2056
2057
2058
2059
2060
2061
2062
2063
2064
2065
2066
2067
2068
2069
2070
2071
2072
2073
2074
2075
2076
2077
2078
2079
2080
2081
2082
2083
2084
2085
2086
2087
2088
2089
2090
2091
2092
2093
2094
2095
2096
2097
2098
2099
2100
2101
2102
2103
2104
2105
2106
2107
2108
2109
2110
2111
2112
2113
2114
2115
2116
2117
2118
2119
2120
2122
2123
2124
2125
2126
2127
2128
2129
2130
2131
2132
2133
2134
2135
2136
2137
2138
2139
2140
2141
2142
2143
2144
2145
2146
2147
2148
2149
2150
2151
2152
2153
2154
2155
2156
2157
2158
2159
2160
2161
2162
2163
2164
2165
2166
2167
2168
2169
2170
2171
2172
2173
2174
2175
2176
2177
2178
2179
2180
2181
2182
2183
2184
2185
2186
2187
2188
2189
2190
2191
2192
2193
2194
2195
2196
2197
2198
2199
2200
2201
2202
2203
2204
2205
2206
2207
2208
2209
2210
2211
2212
2213
2214
2215
2216
2217
2218
2219
2220
2221
2223
2224
2225
2226
2227
2228
2229
2230
2231
2232
2233
2234
2235
2236
2237
2238
2239
2240
2241
2242
2243
2244
2245
2246
2247
2248
2249
2250
2251
2252
2253
2254
2255
2256
2257
2258
2259
2260
2261
2262
2263
2264
2265
2266
2267
2268
2269
2270
2271
2272
2273
2274
2275
2276
2277
2278
2279
2280
2281
2282
2283
2284
2285
2286
2287
2288
2289
2290
2291
2292
2293
2294
2295
2296
2297
2298
2299
2300
2301
2302
2303
2304
2305
2306
2307
2308
2309
2310
2311
2312
2313
2314
2315
2316
2317
2318
2319
2320
2321
2322
2323
2324
2325
2326
2327
2328
2329
2330
2331
2332
2333
2334
2335
2336
2337
2338
2339
2340
2341
2342
2343
2344
2345
234567
2345678
23456789
2346
2347
2348
2349
2350
2351
2352
2353
2354
2355
2356
2357
2358
2359
2360
2361
2362
2363
2364
2365
2366
2367
2368
2369
2370
2371
2372
2373
2374
2375
2376
2377
2378
2379
2380
2381
2382
2383
2384
2385
2386
2387
2388
2389
2390
2391
2392
2393
2394
2395
2396
2397
2398
2399
2400
2401
2402
2403
2404
2405
2406
2407
2408
2409
2410
2411
2412
2413
2414
2415
2416
2417
2418
2419
2420
2421
2422
2423
2424
2425
2426
2427
2428
2429
2430
2431
2432
2433
2434
2435
2436
2437
2438
2439
2440
2441
2442
2443
2444
2445
2446
2447
2448
2449
2450
2451
2452
2453
2454
2455
2456
2457
2458
2459
2460
2461
2462
2463
2464
2465
2466
2467
2468
2469
2470
2471
2472
2473
2474
2475
2476
2477
2478
2479
2480
2481
2482
2483
2484
2485
2486
2487
2488
2489
2490
2491
2492
2493
2494
2495
2496
2497
2498
2499
2500
2501
2502
2503
2504
2505
2506
2507
2508
2509
2510
2511
2512
2513
2514
2515
2516
2517
2518
2519
2520
2521
2522
2523
2524
2525
2526
2527
2528
2529
2530
2531
2532
2533
2534
2535
2536
2537
2538
2539
2540
2541
2542
2543
2544
2545
2546
2547
2548
2549
2550
2551
2552
2553
2554
2555
2556
2557
2558
2559
2560
2561
2562
2563
2564
2565
2566
2567
2568
2569
2570
2571
2572
2573
2574
2575
2576
2577
2578
2579
2580
2581
2582
2583
2584
2585
2586
2587
2588
2589
2590
2591
2592
2593
2594
2595
2596
2597
2598
2599
2600
2601
2602
2603
2604
2605
2606
2607
2608
2609
2610
2611
2612
2613
2614
2615
2616
2617
2618
2619
2620
2621
2622
2623
2624
2625
2626
2627
2628
2629
2630
2631
2632
2633
2634
2635
2636
2637
2638
2639
2640
2641
2642
2643
2644
2645
2646
2647
2648
2649
2650
2651
2652
2653
2654
2655
2656
2657
2658
2659
2660
2661
2662
2663
2664
2665
2666
2667
2668
2669
2670
2671
2672
2673
2674
2675
2676
2677
2678
2679
2680
2681
2682
2683
2684
2685
2686
2687
2688
2689
2690
2691
2692
2693
2694
2695
2696
2697
2698
2699
2700
2701
2702
2703
2704
2705
2706
2707
2708
2709
2710
2711
2712
2713
2714
2715
2716
2717
2718
2719
2720
2721
2722
2723
2724
2725
2726
2727
2728
2729
2730
2731
2732
2733
2734
2735
2736
2737
2738
2739
2740
2741
2742
2743
2744
2745
2746
2747
2748
2749
2750
2751
2752
2753
2754
2755
2756
2757
2758
2759
2760
2761
2762
2763
2764
2765
2766
2767
2768
2769
2770
2771
2772
2773
2774
2775
2776
2777
2778
2779
2780
2781
2782
2783
2784
2785
2786
2787
2788
2789
2790
2791
2792
2793
2794
2795
2796
2797
2798
2799
2800
2801
2802
2803
2804
2805
2806
2807
2808
2809
2810
2811
2812
2813
2814
2815
2816
2817
2818
2819
2820
2821
2822
2823
2824
2825
2826
2827
2828
2829
2830
2831
2832
2833
2834
2835
2836
2837
2838
2839
2840
2841
2842
2843
2844
2845
2846
2847
2848
2849
2850
2851
2852
2853
2854
2855
2856
2857
2858
2859
2860
2861
2862
2863
2864
2865
2866
2867
2868
2869
2870
2871
2872
2873
2874
2875
2876
2877
2878
2879
2880
2881
2882
2883
2884
2885
2886
2887
2888
2889
2890
2891
2892
2893
2894
2895
2896
2897
2898
2899
2900
2901
2902
2903
2904
2905
2906
2907
2908
2909
2910
2911
2912
2913
2914
2915
2916
2917
2918
2919
2920
2921
2922
2923
2924
2925
2926
2927
2928
2929
2930
2931
2932
2933
2934
2935
2936
2937
2938
2939
2940
2941
2942
2943
2944
2945
2946
2947
2948
2949
2950
2951
2952
2953
2954
2955
2956
2957
2958
2959
2960
2961
2962
2963
2964
2965
2966
2967
2968
2969
2970
2971
2972
2973
2974
2975
2976
2977
2978
2979
2980
2981
2982
2983
2984
2985
2986
2987
2988
2989
2990
2991
2992
2993
2994
2995
2996
2997
2998
2999
2wsx3edc
2wsx3edc!
2wsx3edc1
2wsx3edc123
3000
3001
3002
3003
3004
3005
3006
3007
3008
3009
3010
3011
3012
3013
3014
3015
3016
3017
3018
3019
3020
3021
3022
3023
3024
3025
3026
3027
3028
3029
3030
3031
3032
3033
3034
3035
3036
3037
3038
3039
3040
3041
3042
3043
3044
3045
3046
3047
3048
3049
3050
3051
3052
3053
3054
3055
3056
3057
3058
3059
3060
3061
3062
3063
3064
3065
3066
3067
3068
3069
3070
3071
3072
3073
3074
3075
3076
3077
3078
3079
3080
3081
3082
3083
3084
3085
3086
3087
3088
3089
3090
3091
3092
3093
3094
3095
3096
3097
3098
3099
3100
3101
3102
3103
3104
3105
3106
3107
3108
3109
3110
3111
3112
3113
3114
3115
3116
3117
3118
3119
3120
3121
3122
3123
3124
3125
3126
3127
3128
3129
3130
3131
3132
3133
3134
3135
3136
3137
3138
3139
3140
3141
3142
3143
3144
3145
3146
3147
3148
3149
3150
3151
3152
3153
3154
3155
3156
3157
3158
3159
3160
3161
3162
3163
3164
3165
3166
3167
3168
3169
3170
3171
3172
3173
3174
3175
3176
3177
3178
3179
3180
3181
3182
3183
3184
3185
3186
3187
3188
3189
3190
3191
3192
3193
3194
3195
3196
3197
3198
3199
3200
3201
3202
3203
3204
3205
3206
3207
3208
3209
3210
3211
3212
3213
3214
3215
3216
3217
3218
3219
3220
3221
3222
3223
3224
3225
3226
3227
3228
3229
3230
3231
3232
3233
3234
3235
3236
3237
3238
3239
3240
3241
3242
3243
3244
3245
3246
3247
3248
3249
3250
3251
3252
3253
3254
3255
3256
3257
3258
3259
3260
3261
3262
3263
3264
3265
3266
3267
3268
3269
3270
3271
3272
3273
3274
3275
3276
3277
3278
3279
3280
3281
3282
3283
3284
3285
3286
3287
3288
3289
3290
3291
3292
3293
3294
3295
3296
3297
3298
3299
3300
3301
3302
3303
3304
3305
3306
3307
3308
3309
3310
3311
3312
3313
3314
3315
3316
3317
3318
3319
3320
3321
3322
3323
3324
3325
3326
3327
3328
3329
3330
3331
3332
3334
3335
3336
3337
3338
3339
3340
3341
3342
3343
3344
3345
3346
3347
3348
3349
3350
3351
3352
3353
3354
3355
3356
3357
3358
3359
3360
3361
3362
3363
3364
3365
3366
3367
3368
3369
3370
3371
3372
3373
3374
3375
3376
3377
3378
3379
3380
3381
3382
3383
3384
3385
3386
3387
3388
3389
3390
3391
3392
3393
3394
3395
3396
3397
3398
3399
3400
3401
3402
3403
3404
3405
3406
3407
3408
3409
3410
3411
3412
3413
3414
3415
3416
3417
3418
3419
3420
3421
3422
3423
3424
3425
3426
3427
3428
3429
3430
3431
3432
3433
3434
3435
3436
3437
3438
3439
3440
3441
3442
3443
3444
3445
3446
3447
3448
3449
3450
3451
3452
3453
3454
3455
3456
345678
3456789
3457
3458
3459
3460
3461
3462
3463
3464
3465
3466
3467
3468
3469
3470
3471
3472
3473
3474
3475
3476
3477
3478
3479
3480
3481
3482
3483
3484
3485
3486
3487
3488
3489
3490
3491
3492
3493
3494
3495
3496
3497
3498
3499
3500
3501
3502
3503
3504
3505
3506
3507
3508
3509
3510
3511
3512
3513
3514
3515
3516
3517
3518
3519
3520
3521
3522
3523
3524
3525
3526
3527
3528
3529
3530
3531
3532
3533
3534
3535
3536
3537
3538
3539
3540
3541
3542
3543
3544
3545
3546
3547
3548
3549
3550
3551
3552
3553
3554
3555
3556
3557
3558
3559
3560
3561
3562
3563
3564
3565
3566
3567
3568
3569
3570
3571
3572
3573
3574
3575
3576
3577
3578
3579
3580
3581
3582
3583
3584
3585
3586
3587
3588
3589
3590
3591
3592
3593
3594
3595
3596
3597
3598
3599
3600
3601
3602
3603
3604
3605
3606
3607
3608
3609
3610
3611
3612
3613
3614
3615
3616
3617
3618
3619
3620
3621
3622
3623
3624
3625
3626
3627
3628
3629
3630
3631
3632
3633
3634
3635
3636
3637
3638
3639
3640
3641
3642
3643
3644
3645
3646
3647
3648
3649
3650
3651
3652
3653
3654
3655
3656
3657
3658
3659
3660
3661
3662
3663
3664
3665
3666
3667
3668
3669
3670
3671
3672
3673
3674
3675
3676
3677
3678
3679
3680
3681
3682
3683
3684
3685
3686
3687
3688
3689
3690
3691
3692
3693
3694
3695
3696
3697
3698
3699
3700
3701
3702
3703
3704
3705
3706
3707
3708
3709
3710
3711
3712
3713
3714
3715
3716
3717
3718
3719
3720
3721
3722
3723
3724
3725
3726
3727
3728
3729
3730
3731
3732
3733
3734
3735
3736
3737
3738
3739
3740
3741
3742
3743
3744
3745
3746
3747
3748
3749
3750
3751
3752
3753
3754
3755
3756
3757
3758
3759
3760
3761
3762
3763
3764
3765
3766
3767
3768
3769
3770
3771
3772
3773
3774
3775
3776
3777
3778
3779
3780
3781
3782
3783
3784
3785
3786
3787
3788
3789
3790
3791
3792
3793
3794
3795
3796
3797
3798
3799
3800
3801
3802
3803
3804
3805
3806
3807
3808
3809
3810
3811
3812
3813
3814
3815
3816
3817
3818
3819
3820
3821
3822
3823
3824
3825
3826
3827
3828
3829
3830
3831
3832
3833
3834
3835
3836
3837
3838
3839
3840
3841
3842
3843
3844
3845
3846
3847
3848
3849
3850
3851
3852
3853
3854
3855
3856
3857
3858
3859
3860
3861
3862
3863
3864
3865
3866
3867
3868
3869
3870
3871
3872
3873
3874
3875
3876
3877
3878
3879
3880
3881
3882
3883
3884
3885
3886
3887
3888
3889
3890
3891
3892
3893
3894
3895
3896
3897
3898
3899
3900
3901
3902
3903
3904
3905
3906
3907
3908
3909
3910
3911
3912
3913
3914
3915
3916
3917
3918
3919
3920
3921
3922
3923
3924
3925
3926
3927
3928
3929
3930
3931
3932
3933
3934
3935
3936
3937
3938
3939
3940
3941
3942
3943
3944
3945
3946
3947
3948
3949
3950
3951
3952
3953
3954
3955
3956
3957
3958
3959
3960
3961
3962
3963
3964
3965
3966
3967
3968
3969
3970
3971
3972
3973
3974
3975
3976
3977
3978
3979
3980
3981
3982
3983
3984
3985
3986
3987
3988
3989
3990
3991
3992
3993
3994
3995
3996
3997
3998
3999
3edc4rfv
3edc4rfv!
3edc4rfv1
3edc4rfv123
4000
4001
4002
4003
4004
4005
4006
4007
4008
4009
4010
4011
4012
4013
4014
4015
4016
4017
4018
4019
4020
4021
4022
4023
4024
4025
4026
4027
4028
4029
4030
4031
4032
4033
4034
4035
4036
4037
4038
4039
4040
4041
4042
4043
4044
4045
4046
4047
4048
4049
4050
4051
4052
4053
4054
4055
4056
4057
4058
4059
4060
4061
4062
4063
4064
4065
4066
4067
4068
4069
4070
4071
4072
4073
4074
4075
4076
4077
4078
4079
4080
4081
4082
4083
4084
4085
4086
4087
4088
4089
4090
4091
4092
4093
4094
4095
4096
4097
4098
4099
4100
4101
4102
4103
4104
4105
4106
4107
4108
4109
4110
4111
4112
4113
4114
4115
4116
4117
4118
4119
4120
4121
4122
4123
4124
4125
4126
4127
4128
4129
4130
4131
4132
4133
4134
4135
4136
4137
4138
4139
4140
4141
4142
4143
4144
4145
4146
4147
4148
4149
4150
4151
4152
4153
4154
4155
4156
4157
4158
4159
4160
4161
4162
4163
4164
4165
4166
4167
4168
4169
4170
4171
4172
4173
4174
4175
4176
4177
4178
4179
4180
4181
4182
4183
4184
4185
4186
4187
4188
4189
4190
4191
4192
4193
4194
4195
4196
4197
4198
4199
4200
4201
4202
4203
4204
4205
4206
4207
4208
4209
4210
4211
4212
4213
4214
4215
4216
4217
4218
4219
4220
4221
4222
4223
4224
4225
4226
4227
4228
4229
4230
4231
4232
4233
4234
4235
4236
4237
4238
4239
4240
4241
4242
4243
4244
4245
4246
4247
4248
4249
4250
4251
4252
4253
4254
4255
4256
4257
4258
4259
4260
4261
4262
4263
4264
4265
4266
4267
4268
4269
4270
4271
4272
4273
4274
4275
4276
4277
4278
4279
4280
4281
4282
4283
4284
4285
4286
4287
4288
4289
4290
4291
4292
4293
4294
4295
4296
4297
4298
4299
4300
4301
4302
4303
4304
4305
4306
4307
4308
4309
4310
4311
4312
4313
4314
4315
4316
4317
4318
4319
4320
4322
4323
4324
4325
4326
4327
4328
4329
4330
4331
4332
4333
4334
4335
4336
4337
4338
4339
4340
4341
4342
4343
4344
4345
4346
4347
4348
4349
4350
4351
4352
4353
4354
4355
4356
4357
4358
4359
4360
4361
4362
4363
4364
4365
4366
4367
4368
4369
4370
4371
4372
4373
4374
4375
4376
4377
4378
4379
4380
4381
4382
4383
4384
4385
4386
4387
4388
4389
4390
4391
4392
4393
4394
4395
4396
4397
4398
4399
4400
4401
4402
4403
4404
4405
4406
4407
4408
4409
4410
4411
4412
4413
4414
4415
4416
4417
4418
4419
4420
4421
4422
4423
4424
4425
4426
4427
4428
4429
4430
4431
4432
4433
4434
4435
4436
4437
4438
4439
4440
4441
4442
4443
4445
4446
4447
4448
4449
4450
4451
4452
4453
4454
4455
4456
4457
4458
4459
4460
4461
4462
4463
4464
4465
4466
4467
4468
4469
4470
4471
4472
4473
4474
4475
4476
4477
4478
4479
4480
4481
4482
4483
4484
4485
4486
4487
4488
4489
4490
4491
4492
4493
4494
4495
4496
4497
4498
4499
4500
4501
4502
4503
4504
4505
4506
4507
4508
4509
4510
4511
4512
4513
4514
4515
4516
4517
4518
4519
4520
4521
4522
4523
4524
4525
4526
4527
4528
4529
4530
4531
4532
4533
4534
4535
4536
4537
4538
4539
4540
4541
4542
4543
4544
4545
4546
4547
4548
4549
4550
4551
4552
4553
4554
4555
4556
4557
4558
4559
4560
4561
4562
4563
4564
4565
4566
4567
456789
4568
4569
4570
4571
4572
4573
4574
4575
4576
4577
4578
4579
4580
4581
4582
4583
4584
4585
4586
4587
4588
4589
4590
4591
4592
4593
4594
4595
4596
4597
4598
4599
4600
4601
4602
4603
4604
4605
4606
4607
4608
4609
4610
4611
4612
4613
4614
4615
4616
4617
4618
4619
4620
4621
4622
4623
4624
4625
4626
4627
4628
4629
4630
4631
4632
4633
4634
4635
4636
4637
4638
4639
4640
4641
4642
4643
4644
4645
4646
4647
4648
4649
4650
4651
4652
4653
4654
4655
4656
4657
4658
4659
4660
4661
4662
4663
4664
4665
4666
4667
4668
4669
4670
4671
4672
4673
4674
4675
4676
4677
4678
4679
4680
4681
4682
4683
4684
4685
4686
4687
4688
4689
4690
4691
4692
4693
4694
4695
4696
4697
4698
4699
4700
4701
4702
4703
4704
4705
4706
4707
4708
4709
4710
4711
4712
4713
4714
4715
4716
4717
4718
4719
4720
4721
4722
4723
4724
4725
4726
4727
4728
4729
4730
4731
4732
4733
4734
4735
4736
4737
4738
4739
4740
4741
4742
4743
4744
4745
4746
4747
4748
4749
4750
4751
4752
4753
4754
4755
4756
4757
4758
4759
4760
4761
4762
4763
4764
4765
4766
4767
4768
4769
4770
4771
4772
4773
4774
4775
4776
4777
4778
4779
4780
4781
4782
4783
4784
4785
4786
4787
4788
4789
4790
4791
4792
4793
4794
4795
4796
4797
4798
4799
4800
4801
4802
4803
4804
4805
4806
4807
4808
4809
4810
4811
4812
4813
4814
4815
4816
4817
4818
4819
4820
4821
4822
4823
4824
4825
4826
4827
4828
4829
4830
4831
4832
4833
4834
4835
4836
4837
4838
4839
4840
4841
4842
4843
4844
4845
4846
4847
4848
4849
4850
4851
4852
4853
4854
4855
4856
4857
4858
4859
4860
4861
4862
4863
4864
4865
4866
4867
4868
4869
4870
4871
4872
4873
4874
4875
4876
4877
4878
4879
4880
4881
4882
4883
4884
4885
4886
4887
4888
4889
4890
4891
4892
4893
4894
4895
4896
4897
4898
4899
4900
4901
4902
4903
4904
4905
4906
4907
4908
4909
4910
4911
4912
4913
4914
4915
4916
4917
4918
4919
4920
4921
4922
4923
4924
4925
4926
4927
4928
4929
4930
4931
4932
4933
4934
4935
4936
4937
4938
4939
4940
4941
4942
4943
4944
4945
4946
4947
4948
4949
4950
4951
4952
4953
4954
4955
4956
4957
4958
4959
4960
4961
4962
4963
4964
4965
4966
4967
4968
4969
4970
4971
4972
4973
4974
4975
4976
4977
4978
4979
4980
4981
4982
4983
4984
4985
4986
4987
4988
4989
4990
4991
4992
4993
4994
4995
4996
4997
4998
4999
4rfv5tgb
4rfv5tgb!
4rfv5tgb1
4rfv5tgb123
5000
5001
5002
5003
5004
5005
5006
5007
5008
5009
5010
5011
5012
5013
5014
5015
5016
5017
5018
5019
5020
5021
5022
5023
5024
5025
5026
5027
5028
5029
5030
5031
5032
5033
5034
5035
5036
5037
5038
5039
5040
5041
5042
5043
5044
5045
5046
5047
5048
5049
5050
5051
5052
5053
5054
5055
5056
5057
5058
5059
5060
5061
5062
5063
5064
5065
5066
5067
5068
5069
5070
5071
5072
5073
5074
5075
5076
5077
5078
5079
5080
5081
5082
5083
5084
5085
5086
5087
5088
5089
5090
5091
5092
5093
5094
5095
5096
5097
5098
5099
5100
5101
5102
5103
5104
5105
5106
5107
5108
5109
5110
5111
5112
5113
5114
5115
5116
5117
5118
5119
5120
5121
5122
5123
5124
5125
5126
5127
5128
5129
5130
5131
5132
5133
5134
5135
5136
5137
5138
5139
5140
5141
5142
5143
5144
5145
5146
5147
5148
5149
5150
5151
5152
5153
5154
5155
5156
5157
5158
5159
5160
5161
5162
5163
5164
5165
5166
5167
5168
5169
5170
5171
5172
5173
5174
5175
5176
5177
5178
5179
5180
5181
5182
5183
5184
5185
5186
5187
5188
5189
5190
5191
5192
5193
5194
5195
5196
5197
5198
5199
5200
5201
5202
5203
5204
5205
5206
5207
5208
5209
5210
5211
5212
5213
5214
5215
5216
5217
5218
5219
5220
5221
5222
5223
5224
5225
5226
5227
5228
5229
5230
5231
5232
5233
5234
5235
5236
5237
5238
5239
5240
5241
5242
5243
5244
5245
5246
5247
5248
5249
5250
5251
5252
5253
5254
5255
5256
5257
5258
5259
5260
5261
5262
5263
5264
5265
5266
5267
5268
5269
5270
5271
5272
5273
5274
5275
5276
5277
5278
5279
5280
5281
5282
5283
5284
5285
5286
5287
5288
5289
5290
5291
5292
5293
5294
5295
5296
5297
5298
5299
5300
5301
5302
5303
5304
5305
5306
5307
5308
5309
5310
5311
5312
5313
5314
5315
5316
5317
5318
5319
5320
5321
5322
5323
5324
5325
5326
5327
5328
5329
5330
5331
5332
5333
5334
5335
5336
5337
5338
5339
5340
5341
5342
5343
5344
5345
5346
5347
5348
5349
5350
5351
5352
5353
5354
5355
5356
5357
5358
5359
5360
5361
5362
5363
5364
5365
5366
5367
5368
5369
5370
5371
5372
5373
5374
5375
5376
5377
5378
5379
5380
5381
5382
5383
5384
5385
5386
5387
5388
5389
5390
5391
5392
5393
5394
5395
5396
5397
5398
5399
5400
5401
5402
5403
5404
5405
5406
5407
5408
5409
5410
5411
5412
5413
5414
5415
5416
5417
5418
5419
5420
5421
5422
5423
5424
5425
5426
5427
5428
5429
5430
5431
5432
543210
5433
5434
5435
5436
5437
5438
5439
5440
5441
5442
5443
5444
5445
5446
5447
5448
5449
5450
5451
5452
5453
5454
5455
5456
5457
5458
5459
5460
5461
5462
5463
5464
5465
5466
5467
5468
5469
5470
5471
5472
5473
5474
5475
5476
5477
5478
5479
5480
5481
5482
5483
5484
5485
5486
5487
5488
5489
5490
5491
5492
5493
5494
5495
5496
5497
5498
5499
5500
5501
5502
5503
5504
5505
5506
5507
5508
5509
5510
5511
5512
5513
5514
5515
5516
5517
5518
5519
5520
5521
5522
5523
5524
5525
5526
5527
5528
5529
5530
5531
5532
5533
5534
5535
5536
5537
5538
5539
5540
5541
5542
5543
5544
5545
5546
5547
5548
5549
5550
5551
5552
5553
5554
5556
5557
5558
5559
5560
5561
5562
5563
5564
5565
5566
5567
5568
5569
5570
5571
5572
5573
5574
5575
5576
5577
5578
5579
5580
5581
5582
5583
5584
5585
5586
5587
5588
5589
5590
5591
5592
5593
5594
5595
5596
5597
5598
5599
5600
5601
5602
5603
5604
5605
5606
5607
5608
5609
5610
5611
5612
5613
5614
5615
5616
5617
5618
5619
5620
5621
5622
5623
5624
5625
5626
5627
5628
5629
5630
5631
5632
5633
5634
5635
5636
5637
5638
5639
5640
5641
5642
5643
5644
5645
5646
5647
5648
5649
5650
5651
5652
5653
5654
5655
5656
5657
5658
5659
5660
5661
5662
5663
5664
5665
5666
5667
5668
5669
5670
5671
5672
5673
5674
5675
5676
5677
5678
567890
5679
5680
5681
5682
5683
5684
5685
5686
5687
5688
5689
5690
5691
5692
5693
5694
5695
5696
5697
5698
5699
5700
5701
5702
5703
5704
5705
5706
5707
5708
5709
5710
5711
5712
5713
5714
5715
5716
5717
5718
5719
5720
5721
5722
5723
5724
5725
5726
5727
5728
5729
5730
5731
5732
5733
5734
5735
5736
5737
5738
5739
5740
5741
5742
5743
5744
5745
5746
5747
5748
5749
5750
5751
5752
5753
5754
5755
5756
5757
5758
5759
5760
5761
5762
5763
5764
5765
5766
5767
5768
5769
5770
5771
5772
5773
5774
5775
5776
5777
5778
5779
5780
5781
5782
5783
5784
5785
5786
5787
5788
5789
5790
5791
5792
5793
5794
5795
5796
5797
5798
5799
5800
5801
5802
5803
5804
5805
5806
5807
5808
5809
5810
5811
5812
5813
5814
5815
5816
5817
5818
5819
5820
5821
5822
5823
5824
5825
5826
5827
5828
5829
5830
5831
5832
5833
5834
5835
5836
5837
5838
5839
5840
5841
5842
5843
5844
5845
5846
5847
5848
5849
5850
5851
5852
5853
5854
5855
5856
5857
5858
5859
5860
5861
5862
5863
5864
5865
5866
5867
5868
5869
5870
5871
5872
5873
5874
5875
5876
5877
5878
5879
5880
5881
5882
5883
5884
5885
5886
5887
5888
5889
5890
5891
5892
5893
5894
5895
5896
5897
5898
5899
5900
5901
5902
5903
5904
5905
5906
5907
5908
5909
5910
5911
5912
5913
5914
5915
5916
5917
5918
5919
5920
5921
5922
5923
5924
5925
5926
5927
5928
5929
5930
5931
5932
5933
5934
5935
5936
5937
5938
5939
5940
5941
5942
5943
5944
5945
5946
5947
5948
5949
5950
5951
5952
5953
5954
5955
5956
5957
5958
5959
5960
5961
5962
5963
5964
5965
5966
5967
5968
5969
5970
5971
5972
5973
5974
5975
5976
5977
5978
5979
5980
5981
5982
5983
5984
5985
5986
5987
5988
5989
5990
5991
5992
5993
5994
5995
5996
5997
5998
5999
5tgb6yhn
5tgb6yhn!
5tgb6yhn1
5tgb6yhn123
6000
6001
6002
6003
6004
6005
6006
6007
6008
6009
6010
6011
6012
6013
6014
6015
6016
6017
6018
6019
6020
6021
6022
6023
6024
6025
6026
6027
6028
6029
6030
6031
6032
6033
6034
6035
6036
6037
6038
6039
6040
6041
6042
6043
6044
6045
6046
6047
6048
6049
6050
6051
6052
6053
6054
6055
6056
6057
6058
6059
6060
6061
6062
6063
6064
6065
6066
6067
6068
6069
6070
6071
6072
6073
6074
6075
6076
6077
6078
6079
6080
6081
6082
6083
6084
6085
6086
6087
6088
6089
6090
6091
6092
6093
6094
6095
6096
6097
6098
6099
6100
6101
6102
6103
6104
6105
6106
6107
6108
6109
6110
6111
6112
6113
6114
6115
6116
6117
6118
6119
6120
6121
6122
6123
6124
6125
6126
6127
6128
6129
6130
6131
6132
6133
6134
6135
6136
6137
6138
6139
6140
6141
6142
6143
6144
6145
6146
6147
6148
6149
6150
6151
6152
6153
6154
6155
6156
6157
6158
6159
6160
6161
6162
6163
6164
6165
6166
6167
6168
6169
6170
6171
6172
6173
6174
6175
6176
6177
6178
6179
6180
6181
6182
6183
6184
6185
6186
6187
6188
6189
6190
6191
6192
6193
6194
6195
6196
6197
6198
6199
6200
6201
6202
6203
6204
6205
6206
6207
6208
6209
6210
6211
6212
6213
6214
6215
6216
6217
6218
6219
6220
6221
6222
6223
6224
6225
6226
6227
6228
6229
6230
6231
6232
6233
6234
6235
6236
6237
6238
6239
6240
6241
6242
6243
6244
6245
6246
6247
6248
6249
6250
6251
6252
6253
6254
6255
6256
6257
6258
6259
6260
6261
6262
6263
6264
6265
6266
6267
6268
6269
6270
6271
6272
6273
6274
6275
6276
6277
6278
6279
6280
6281
6282
6283
6284
6285
6286
6287
6288
6289
6290
6291
6292
6293
6294
6295
6296
6297
6298
6299
6300
6301
6302
6303
6304
6305
6306
6307
6308
6309
6310
6311
6312
6313
6314
6315
6316
6317
6318
6319
6320
6321
6322
6323
6324
6325
6326
6327
6328
6329
6330
6331
6332
6333
6334
6335
6336
6337
6338
6339
6340
6341
6342
6343
6344
6345
6346
6347
6348
6349
6350
6351
6352
6353
6354
6355
6356
6357
6358
6359
6360
6361
6362
6363
6364
6365
6366
6367
6368
6369
6370
6371
6372
6373
6374
6375
6376
6377
6378
6379
6380
6381
6382
6383
6384
6385
6386
6387
6388
6389
6390
6391
6392
6393
6394
6395
6396
6397
6398
6399
6400
6401
6402
6403
6404
6405
6406
6407
6408
6409
6410
6411
6412
6413
6414
6415
6416
6417
6418
6419
6420
6421
6422
6423
6424
6425
6426
6427
6428
6429
6430
6431
6432
6433
6434
6435
6436
6437
6438
6439
6440
6441
6442
6443
6444
6445
6446
6447
6448
6449
6450
6451
6452
6453
6454
6455
6456
6457
6458
6459
6460
6461
6462
6463
6464
6465
6466
6467
6468
6469
6470
6471
6472
6473
6474
6475
6476
6477
6478
6479
6480
6481
6482
6483
6484
6485
6486
6487
6488
6489
6490
6491
6492
6493
6494
6495
6496
6497
6498
6499
6500
6501
6502
6503
6504
6505
6506
6507
6508
6509
6510
6511
6512
6513
6514
6515
6516
6517
6518
6519
6520
6521
6522
6523
6524
6525
6526
6527
6528
6529
6530
6531
6532
6533
6534
6535
6536
6537
6538
6539
6540
6541
6542
6543
6544
6545
6546
6547
6548
6549
6550
6551
6552
6553
6554
6555
6556
6557
6558
6559
6560
6561
6562
6563
6564
6565
6566
6567
6568
6569
6570
6571
6572
6573
6574
6575
6576
6577
6578
6579
6580
6581
6582
6583
6584
6585
6586
6587
6588
6589
6590
6591
6592
6593
6594
6595
6596
6597
6598
6599
6600
6601
6602
6603
6604
6605
6606
6607
6608
6609
6610
6611
6612
6613
6614
6615
6616
6617
6618
6619
6620
6621
6622
6623
6624
6625
6626
6627
6628
6629
6630
6631
6632
6633
6634
6635
6636
6637
6638
6639
6640
6641
6642
6643
6644
6645
6646
6647
6648
6649
6650
6651
6652
6653
6654
6655
6656
6657
6658
6659
6660
6661
6662
6663
6664
6665
6667
6668
6669
6670
6671
6672
6673
6674
6675
6676
6677
6678
6679
6680
6681
6682
6683
6684
6685
6686
6687
6688
6689
6690
6691
6692
6693
6694
6695
6696
6697
6698
6699
6700
6701
6702
6703
6704
6705
6706
6707
6708
6709
6710
6711
6712
6713
6714
6715
6716
6717
6718
6719
6720
6721
6722
6723
6724
6725
6726
6727
6728
6729
6730
6731
6732
6733
6734
6735
6736
6737
6738
6739
6740
6741
6742
6743
6744
6745
6746
6747
6748
6749
6750
6751
6752
6753
6754
6755
6756
6757
6758
6759
6760
6761
6762
6763
6764
6765
6766
6767
6768
6769
6770
6771
6772
6773
6774
6775
6776
6777
6778
6779
6780
6781
6782
6783
6784
6785
6786
6787
6788
6789
6790
6791
6792
6793
6794
6795
6796
6797
6798
6799
6800
6801
6802
6803
6804
6805
6806
6807
6808
6809
6810
6811
6812
6813
6814
6815
6816
6817
6818
6819
6820
6821
6822
6823
6824
6825
6826
6827
6828
6829
6830
6831
6832
6833
6834
6835
6836
6837
6838
6839
6840
6841
6842
6843
6844
6845
6846
6847
6848
6849
6850
6851
6852
6853
6854
6855
6856
6857
6858
6859
6860
6861
6862
6863
6864
6865
6866
6867
6868
6869
6870
6871
6872
6873
6874
6875
6876
6877
6878
6879
6880
6881
6882
6883
6884
6885
6886
6887
6888
6889
6890
6891
6892
6893
6894
6895
6896
6897
6898
6899
6900
6901
6902
6903
6904
6905
6906
6907
6908
6909
6910
6911
6912
6913
6914
6915
6916
6917
6918
6919
6920
6921
6922
6923
6924
6925
6926
6927
6928
6929
6930
6931
6932
6933
6934
6935
6936
6937
6938
6939
6940
6941
6942
6943
6944
6945
6946
6947
6948
6949
6950
6951
6952
6953
6954
6955
6956
6957
6958
6959
6960
6961
6962
6963
6964
6965
6966
6967
6968
6970
6971
6972
6973
6974
6975
6976
6977
6978
6979
6980
6981
6982
6983
6984
6985
6986
6987
6988
6989
6990
6991
6992
6993
6994
6995
6996
6997
6998
6999
7000
7001
7002
7003
7004
7005
7006
7007
7008
7009
7010
7011
7012
7013
7014
7015
7016
7017
7018
7019
7020
7021
7022
7023
7024
7025
7026
7027
7028
7029
7030
7031
7032
7033
7034
7035
7036
7037
7038
7039
7040
7041
7042
7043
7044
7045
7046
7047
7048
7049
7050
7051
7052
7053
7054
7055
7056
7057
7058
7059
7060
7061
7062
7063
7064
7065
7066
7067
7068
7069
7070
7071
7072
7073
7074
7075
7076
7077
7078
7079
7080
7081
7082
7083
7084
7085
7086
7087
7088
7089
7090
7091
7092
7093
7094
7095
7096
7097
7098
7099
7100
7101
7102
7103
7104
7105
7106
7107
7108
7109
7110
7111
7112
7113
7114
7115
7116
7117
7118
7119
7120
7121
7122
7123
7124
7125
7126
7127
7128
7129
7130
7131
7132
7133
7134
7135
7136
7137
7138
7139
7140
7141
7142
7143
7144
7145
7146
7147
7148
7149
7150
7151
7152
7153
7154
7155
7156
7157
7158
7159
7160
7161
7162
7163
7164
7165
7166
7167
7168
7169
7170
7171
7172
7173
7174
7175
7176
7177
7178
7179
7180
7181
7182
7183
7184
7185
7186
7187
7188
7189
7190
7191
7192
7193
7194
7195
7196
7197
7198
7199
7200
7201
7202
7203
7204
7205
7206
7207
7208
7209
7210
7211
7212
7213
7214
7215
7216
7217
7218
7219
7220
7221
7222
7223
7224
7225
7226
7227
7228
7229
7230
7231
7232
7233
7234
7235
7236
7237
7238
7239
7240
7241
7242
7243
7244
7245
7246
7247
7248
7249
7250
7251
7252
7253
7254
7255
7256
7257
7258
7259
7260
7261
7262
7263
7264
7265
7266
7267
7268
7269
7270
7271
7272
7273
7274
7275
7276
7277
7278
7279
7280
7281
7282
7283
7284
7285
7286
7287
7288
7289
7290
7291
7292
7293
7294
7295
7296
7297
7298
7299
7300
7301
7302
7303
7304
7305
7306
7307
7308
7309
7310
7311
7312
7313
7314
7315
7316
7317
7318
7319
7320
7321
7322
7323
7324
7325
7326
7327
7328
7329
7330
7331
7332
7333
7334
7335
7336
7337
7338
7339
7340
7341
7342
7343
7344
7345
7346
7347
7348
7349
7350
7351
7352
7353
7354
7355
7356
7357
7358
7359
7360
7361
7362
7363
7364
7365
7366
7367
7368
7369
7370
7371
7372
7373
7374
7375
7376
7377
7378
7379
7380
7381
7382
7383
7384
7385
7386
7387
7388
7389
7390
7391
7392
7393
7394
7395
7396
7397
7398
7399
7400
7401
7402
7403
7404
7405
7406
7407
7408
7409
7410
7411
7412
7413
7414
7415
7416
7417
7418
7419
7420
7421
7422
7423
7424
7425
7426
7427
7428
7429
7430
7431
7432
7433
7434
7435
7436
7437
7438
7439
7440
7441
7442
7443
7444
7445
7446
7447
7448
7449
7450
7451
7452
7453
7454
7455
7456
7457
7458
7459
7460
7461
7462
7463
7464
7465
7466
7467
7468
7469
7470
7471
7472
7473
7474
7475
7476
7477
7478
7479
7480
7481
7482
7483
7484
7485
7486
7487
7488
7489
7490
7491
7492
7493
7494
7495
7496
7497
7498
7499
7500
7501
7502
7503
7504
7505
7506
7507
7508
7509
7510
7511
7512
7513
7514
7515
7516
7517
7518
7519
7520
7521
7522
7523
7524
7525
7526
7527
7528
7529
7530
7531
7532
7533
7534
7535
7536
7537
7538
7539
7540
7541
7542
7543
7544
7545
7546
7547
7548
7549
7550
7551
7552
7553
7554
7555
7556
7557
7558
7559
7560
7561
7562
7563
7564
7565
7566
7567
7568
7569
7570
7571
7572
7573
7574
7575
7576
7577
7578
7579
7580
7581
7582
7583
7584
7585
7586
7587
7588
7589
7590
7591
7592
7593
7594
7595
7596
7597
7598
7599
7600
7601
7602
7603
7604
7605
7606
7607
7608
7609
7610
7611
7612
7613
7614
7615
7616
7617
7618
7619
7620
7621
7622
7623
7624
7625
7626
7627
7628
7629
7630
7631
7632
7633
7634
7635
7636
7637
7638
7639
7640
7641
7642
7643
7644
7645
7646
7647
7648
7649
7650
7651
7652
7653
7654
765432
7654321
7655
7656
7657
7658
7659
7660
7661
7662
7663
7664
7665
7666
7667
7668
7669
7670
7671
7672
7673
7674
7675
7676
7677
7678
7679
7680
7681
7682
7683
7684
7685
7686
7687
7688
7689
7690
7691
7692
7693
7694
7695
7696
7697
7698
7699
7700
7701
7702
7703
7704
7705
7706
7707
7708
7709
7710
7711
7712
7713
7714
7715
7716
7717
7718
7719
7720
7721
7722
7723
7724
7725
7726
7727
7728
7729
7730
7731
7732
7733
7734
7735
7736
7737
7738
7739
7740
7741
7742
7743
7744
7745
7746
7747
7748
7749
7750
7751
7752
7753
7754
7755
7756
7757
7758
7759
7760
7761
7762
7763
7764
7765
7766
7767
7768
7769
7770
7771
7772
7773
7774
7775
7776
7778
7779
7780
7781
7782
7783
7784
7785
7786
7787
7788
7789
7790
7791
7792
7793
7794
7795
7796
7797
7798
7799
7800
7801
7802
7803
7804
7805
7806
7807
7808
7809
7810
7811
7812
7813
7814
7815
7816
7817
7818
7819
7820
7821
7822
7823
7824
7825
7826
7827
7828
7829
7830
7831
7832
7833
7834
7835
7836
7837
7838
7839
7840
7841
7842
7843
7844
7845
7846
7847
7848
7849
7850
7851
7852
7853
7854
7855
7856
7857
7858
7859
7860
7861
7862
7863
7864
7865
7866
7867
7868
7869
7870
7871
7872
7873
7874
7875
7876
7877
7878
7879
7880
7881
7882
7883
7884
7885
7886
7887
7888
7889
7890
7891
7892
7893
7894
7895
7896
7897
7898
7899
7900
7901
7902
7903
7904
7905
7906
7907
7908
7909
7910
7911
7912
7913
7914
7915
7916
7917
7918
7919
7920
7921
7922
7923
7924
7925
7926
7927
7928
7929
7930
7931
7932
7933
7934
7935
7936
7937
7938
7939
7940
7941
7942
7943
7944
7945
7946
7947
7948
7949
7950
7951
7952
7953
7954
7955
7956
7957
7958
7959
7960
7961
7962
7963
7964
7965
7966
7967
7968
7969
7970
7971
7972
7973
7974
7975
7976
7977
7978
7979
7980
7981
7982
7983
7984
7985
7986
7987
7988
7989
7990
7991
7992
7993
7994
7995
7996
7997
7998
7999
8000
8001
8002
8003
8004
8005
8006
8007
8008
8009
8010
8011
8012
8013
8014
8015
8016
8017
8018
8019
8020
8021
8022
8023
8024
8025
8026
8027
8028
8029
8030
8031
8032
8033
8034
8035
8036
8037
8038
8039
8040
8041
8042
8043
8044
8045
8046
8047
8048
8049
8050
8051
8052
8053
8054
8055
8056
8057
8058
8059
8060
8061
8062
8063
8064
8065
8066
8067
8068
8069
8070
8071
8072
8073
8074
8075
8076
8077
8078
8079
8080
8081
8082
8083
8084
8085
8086
8087
8088
8089
8090
8091
8092
8093
8094
8095
8096
8097
8098
8099
8100
8101
8102
8103
8104
8105
8106
8107
8108
8109
8110
8111
8112
8113
8114
8115
8116
8117
8118
8119
8120
8121
8122
8123
8124
8125
8126
8127
8128
8129
8130
8131
8132
8133
8134
8135
8136
8137
8138
8139
8140
8141
8142
8143
8144
8145
8146
8147
8148
8149
8150
8151
8152
8153
8154
8155
8156
8157
8158
8159
8160
8161
8162
8163
8164
8165
8166
8167
8168
8169
8170
8171
8172
8173
8174
8175
8176
8177
8178
8179
8180
8181
8182
8183
8184
8185
8186
8187
8188
8189
8190
8191
8192
8193
8194
8195
8196
8197
8198
8199
8200
8201
8202
8203
8204
8205
8206
8207
8208
8209
8210
8211
8212
8213
8214
8215
8216
8217
8218
8219
8220
8221
8222
8223
8224
8225
8226
8227
8228
8229
8230
8231
8232
8233
8234
8235
8236
8237
8238
8239
8240
8241
8242
8243
8244
8245
8246
8247
8248
8249
8250
8251
8252
8253
8254
8255
8256
8257
8258
8259
8260
8261
8262
8263
8264
8265
8266
8267
8268
8269
8270
8271
8272
8273
8274
8275
8276
8277
8278
8279
8280
8281
8282
8283
8284
8285
8286
8287
8288
8289
8290
8291
8292
8293
8294
8295
8296
8297
8298
8299
8300
8301
8302
8303
8304
8305
8306
8307
8308
8309
8310
8311
8312
8313
8314
8315
8316
8317
8318
8319
8320
8321
8322
8323
8324
8325
8326
8327
8328
8329
8330
8331
8332
8333
8334
8335
8336
8337
8338
8339
8340
8341
8342
8343
8344
8345
8346
8347
8348
8349
8350
8351
8352
8353
8354
8355
8356
8357
8358
8359
8360
8361
8362
8363
8364
8365
8366
8367
8368
8369
8370
8371
8372
8373
8374
8375
8376
8377
8378
8379
8380
8381
8382
8383
8384
8385
8386
8387
8388
8389
8390
8391
8392
8393
8394
8395
8396
8397
8398
8399
8400
8401
8402
8403
8404
8405
8406
8407
8408
8409
8410
8411
8412
8413
8414
8415
8416
8417
8418
8419
8420
8421
8422
8423
8424
8425
8426
8427
8428
8429
8430
8431
8432
8433
8434
8435
8436
8437
8438
8439
8440
8441
8442
8443
8444
8445
8446
8447
8448
8449
8450
8451
8452
8453
8454
8455
8456
8457
8458
8459
8460
8461
8462
8463
8464
8465
8466
8467
8468
8469
8470
8471
8472
8473
8474
8475
8476
8477
8478
8479
8480
8481
8482
8483
8484
8485
8486
8487
8488
8489
8490
8491
8492
8493
8494
8495
8496
8497
8498
8499
8500
8501
8502
8503
8504
8505
8506
8507
8508
8509
8510
8511
8512
8513
8514
8515
8516
8517
8518
8519
8520
8521
8522
8523
8524
8525
8526
8527
8528
8529
8530
8531
8532
8533
8534
8535
8536
8537
8538
8539
8540
8541
8542
8543
8544
8545
8546
8547
8548
8549
8550
8551
8552
8553
8554
8555
8556
8557
8558
8559
8560
8561
8562
8563
8564
8565
8566
8567
8568
8569
8570
8571
8572
8573
8574
8575
8576
8577
8578
8579
8580
8581
8582
8583
8584
8585
8586
8587
8588
8589
8590
8591
8592
8593
8594
8595
8596
8597
8598
8599
8600
8601
8602
8603
8604
8605
8606
8607
8608
8609
8610
8611
8612
8613
8614
8615
8616
8617
8618
8619
8620
8621
8622
8623
8624
8625
8626
8627
8628
8629
8630
8631
8632
8633
8634
8635
8636
8637
8638
8639
8640
8641
8642
8643
8644
8645
8646
8647
8648
8649
8650
8651
8652
8653
8654
8655
8656
8657
8658
8659
8660
8661
8662
8663
8664
8665
8666
8667
8668
8669
8670
8671
8672
8673
8674
8675
8676
8677
8678
8679
8680
8681
8682
8683
8684
8685
8686
8687
8688
8689
8690
8691
8692
8693
8694
8695
8696
8697
8698
8699
8700
8701
8702
8703
8704
8705
8706
8707
8708
8709
8710
8711
8712
8713
8714
8715
8716
8717
8718
8719
8720
8721
8722
8723
8724
8725
8726
8727
8728
8729
8730
8731
8732
8733
8734
8735
8736
8737
8738
8739
8740
8741
8742
8743
8744
8745
8746
8747
8748
8749
8750
8751
8752
8753
8754
8755
8756
8757
8758
8759
8760
8761
8762
8763
8764
8765
876543
8765432
87654321
8766
8767
8768
8769
8770
8771
8772
8773
8774
8775
8776
8777
8778
8779
8780
8781
8782
8783
8784
8785
8786
8787
8788
8789
8790
8791
8792
8793
8794
8795
8796
8797
8798
8799
8800
8801
8802
8803
8804
8805
8806
8807
8808
8809
8810
8811
8812
8813
8814
8815
8816
8817
8818
8819
8820
8821
8822
8823
8824
8825
8826
8827
8828
8829
8830
8831
8832
8833
8834
8835
8836
8837
8838
8839
8840
8841
8842
8843
8844
8845
8846
8847
8848
8849
8850
8851
8852
8853
8854
8855
8856
8857
8858
8859
8860
8861
8862
8863
8864
8865
8866
8867
8868
8869
8870
8871
8872
8873
8874
8875
8876
8877
8878
8879
8880
8881
8882
8883
8884
8885
8886
8887
8889
8890
8891
8892
8893
8894
8895
8896
8897
8898
8899
8900
8901
8902
8903
8904
8905
8906
8907
8908
8909
8910
8911
8912
8913
8914
8915
8916
8917
8918
8919
8920
8921
8922
8923
8924
8925
8926
8927
8928
8929
8930
8931
8932
8933
8934
8935
8936
8937
8938
8939
8940
8941
8942
8943
8944
8945
8946
8947
8948
8949
8950
8951
8952
8953
8954
8955
8956
8957
8958
8959
8960
8961
8962
8963
8964
8965
8966
8967
8968
8969
8970
8971
8972
8973
8974
8975
8976
8977
8978
8979
8980
8981
8982
8983
8984
8985
8986
8987
8988
8989
8990
8991
8992
8993
8994
8995
8996
8997
8998
8999
9000
9001
9002
9003
9004
9005
9006
9007
9008
9009
9010
9011
9012
9013
9014
9015
9016
9017
9018
9019
9020
9021
9022
9023
9024
9025
9026
9027
9028
9029
9030
9031
9032
9033
9034
9035
9036
9037
9038
9039
9040
9041
9042
9043
9044
9045
9046
9047
9048
9049
9050
9051
9052
9053
9054
9055
9056
9057
9058
9059
9060
9061
9062
9063
9064
9065
9066
9067
9068
9069
9070
9071
9072
9073
9074
9075
9076
9077
9078
9079
9080
9081
9082
9083
9084
9085
9086
9087
9088
9089
9090
9091
9092
9093
9094
9095
9096
9097
9098
9099
9100
9101
9102
9103
9104
9105
9106
9107
9108
9109
9110
9111
9112
9113
9114
9115
9116
9117
9118
9119
9120
9121
9122
9123
9124
9125
9126
9127
9128
9129
9130
9131
9132
9133
9134
9135
9136
9137
9138
9139
9140
9141
9142
9143
9144
9145
9146
9147
9148
9149
9150
9151
9152
9153
9154
9155
9156
9157
9158
9159
9160
9161
9162
9163
9164
9165
9166
9167
9168
9169
9170
9171
9172
9173
9174
9175
9176
9177
9178
9179
9180
9181
9182
9183
9184
9185
9186
9187
9188
9189
9190
9191
9192
9193
9194
9195
9196
9197
9198
9199
9200
9201
9202
9203
9204
9205
9206
9207
9208
9209
9210
9211
9212
9213
9214
9215
9216
9217
9218
9219
9220
9221
9222
9223
9224
9225
9226
9227
9228
9229
9230
9231
9232
9233
9234
9235
9236
9237
9238
9239
9240
9241
9242
9243
9244
9245
9246
9247
9248
9249
9250
9251
9252
9253
9254
9255
9256
9257
9258
9259
9260
9261
9262
9263
9264
9265
9266
9267
9268
9269
9270
9271
9272
9273
9274
9275
9276
9277
9278
9279
9280
9281
9282
9283
9284
9285
9286
9287
9288
9289
9290
9291
9292
9293
9294
9295
9296
9297
9298
9299
9300
9301
9302
9303
9304
9305
9306
9307
9308
9309
9310
9311
9312
9313
9314
9315
9316
9317
9318
9319
9320
9321
9322
9323
9324
9325
9326
9327
9328
9329
9330
9331
9332
9333
9334
9335
9336
9337
9338
9339
9340
9341
9342
9343
9344
9345
9346
9347
9348
9349
9350
9351
9352
9353
9354
9355
9356
9357
9358
9359
9360
9361
9362
9363
9364
9365
9366
9367
9368
9369
9370
9371
9372
9373
9374
9375
9376
9377
9378
9379
9380
9381
9382
9383
9384
9385
9386
9387
9388
9389
9390
9391
9392
9393
9394
9395
9396
9397
9398
9399
9400
9401
9402
9403
9404
9405
9406
9407
9408
9409
9410
9411
9412
9413
9414
9415
9416
9417
9418
9419
9420
9421
9422
9423
9424
9425
9426
9427
9428
9429
9430
9431
9432
9433
9434
9435
9436
9437
9438
9439
9440
9441
9442
9443
9444
9445
9446
9447
9448
9449
9450
9451
9452
9453
9454
9455
9456
9457
9458
9459
9460
9461
9462
9463
9464
9465
9466
9467
9468
9469
9470
9471
9472
9473
9474
9475
9476
9477
9478
9479
9480
9481
9482
9483
9484
9485
9486
9487
9488
9489
9490
9491
9492
9493
9494
9495
9496
9497
9498
9499
9500
9501
9502
9503
9504
9505
9506
9507
9508
9509
9510
9511
9512
9513
9514
9515
9516
9517
9518
9519
9520
9521
9522
9523
9524
9525
9526
9527
9528
9529
9530
9531
9532
9533
9534
9535
9536
9537
9538
9539
9540
9541
9542
9543
9544
9545
9546
9547
9548
9549
9550
9551
9552
9553
9554
9555
9556
9557
9558
9559
9560
9561
9562
9563
9564
9565
9566
9567
9568
9569
9570
9571
9572
9573
9574
9575
9576
9577
9578
9579
9580
9581
9582
9583
9584
9585
9586
9587
9588
9589
9590
9591
9592
9593
9594
9595
9596
9597
9598
9599
9600
9601
9602
9603
9604
9605
9606
9607
9608
9609
9610
9611
9612
9613
9614
9615
9616
9617
9618
9619
9620
9621
9622
9623
9624
9625
9626
9627
9628
9629
9630
9631
9632
9633
9634
9635
9636
9637
9638
9639
9640
9641
9642
9643
9644
9645
9646
9647
9648
9649
9650
9651
9652
9653
9654
9655
9656
9657
9658
9659
9660
9661
9662
9663
9664
9665
9666
9667
9668
9669
9670
9671
9672
9673
9674
9675
9676
9677
9678
9679
9680
9681
9682
9683
9684
9685
9686
9687
9688
9689
9690
9691
9692
9693
9694
9695
9696
9697
9698
9699
9700
9701
9702
9703
9704
9705
9706
9707
9708
9709
9710
9711
9712
9713
9714
9715
9716
9717
9718
9719
9720
9721
9722
9723
9724
9725
9726
9727
9728
9729
9730
9731
9732
9733
9734
9735
9736
9737
9738
9739
9740
9741
9742
9743
9744
9745
9746
9747
9748
9749
9750
9751
9752
9753
9754
9755
9756
9757
9758
9759
9760
9761
9762
9763
9764
9765
9766
9767
9768
9769
9770
9771
9772
9773
9774
9775
9776
9777
9778
9779
9780
9781
9782
9783
9784
9785
9786
9787
9788
9789
9790
9791
9792
9793
9794
9795
9796
9797
9798
9799
9800
9801
9802
9803
9804
9805
9806
9807
9808
9809
9810
9811
9812
9813
9814
9815
9816
9817
9818
9819
9820
9821
9822
9823
9824
9825
9826
9827
9828
9829
9830
9831
9832
9833
9834
9835
9836
9837
9838
9839
9840
9841
9842
9843
9844
9845
9846
9847
9848
9849
9850
9851
9852
9853
9854
9855
9856
9857
9858
9859
9860
9861
9862
9863
9864
9865
9866
9867
9868
9869
9870
9871
9872
9873
9874
9875
9876
987654
9876543
98765432
987654321
9877
9878
9879
9880
9881
9882
9883
9884
9885
9886
9887
9888
9889
9890
9891
9892
9893
9894
9895
9896
9897
9898
9899
9900
9901
9902
9903
9904
9905
9906
9907
9908
9909
9910
9911
9912
9913
9914
9915
9916
9917
9918
9919
9920
9921
9922
9923
9924
9925
9926
9927
9928
9929
9930
9931
9932
9933
9934
9935
9936
9937
9938
9939
9940
9941
9942
9943
9944
9945
9946
9947
9948
9949
9950
9951
9952
9953
9954
9955
9956
9957
9958
9959
9960
9961
9962
9963
9964
9965
9966
9967
9968
9969
9970
9971
9972
9973
9974
9975
9976
9977
9978
9979
9980
9981
9982
9983
9984
9985
9986
9987
9988
9989
9990
9991
9992
9993
9994
9995
9996
9997
9998
Access
Access!
Access!!
Access!!!
Access!@#
Access#1
Access$
Access0
Access00
Access007
Access01
Access01!
Access02
Access1
Access1!
Access12
Access123
Access123!
Access1234
Access1234!
Access12345
Access123456
Access2
Access2020
Access2020!
Access2021
Access2021!
Access2022
Access2022!
Access2023
Access2023!
Access2024
Access2024!
Access2025
Access2025!
Access2026
Access2026!
Access22
Access3
Access33
Access4
Access5
Access6
Access7
Access8
Access9
Access99
Access99!
Access??
Access@
Access@123
Admin
Admin!
Admin!!
Admin!!!
Admin!@#
Admin#1
Admin$
Admin0
Admin00
Admin007
Admin01
Admin01!
Admin02
Admin1
Admin1!
Admin12
Admin123
Admin123!
Admin1234!
Admin12345
Admin123456
Admin2
Admin2020
Admin2020!
Admin2021
Admin2021!
Admin2022
Admin2022!
Admin2023
Admin2023!
Admin2024!
Admin2025!
Admin2026
Admin2026!
Admin22
Admin3
Admin33
Admin4
Admin5
Admin6
Admin7
Admin8
Admin9
Admin99
Admin99!
Admin??
Admin@
Admin@123
Albert
Albert!
Albert!!
Albert!!!
Albert!@#
Albert#1
Albert$
Albert0
Albert00
Albert007
Albert01
Albert01!
Albert02
Albert1
Albert1!
Albert12
Albert123
Albert123!
Albert1234
Albert1234!
Albert12345
Albert123456
Albert2
Albert2020
Albert2020!
Albert2021
Albert2021!
Albert2022
Albert2022!
Albert2023
Albert2023!
Albert2024
Albert2024!
Albert2025
Albert2025!
Albert2026
Albert2026!
Albert22
Albert3
Albert33
Albert4
Albert5
Albert6
Albert7
Albert8
Albert9
Albert99
Albert99!
Albert??
Albert@
Albert@123
Alice
Alice!
Alice1
Alice12
Alice123
Alice123!
Alice1234
Alice2024
Alice2025
Alice2026
Amanda
Amanda!
Amanda1
Amanda12
Amanda123
Amanda123!
Amanda1234
Amanda2024
Amanda2025
Amanda2026
Amy
Amy!
Amy1
Amy12
Amy123
Amy123!
Amy1234
Amy2024
Amy2025
Amy2026
Andrew
Andrew!
Andrew!!
Andrew!!!
Andrew!@#
Andrew#1
Andrew$
Andrew0
Andrew00
Andrew007
Andrew01
Andrew01!
Andrew02
Andrew1
Andrew1!
Andrew12
Andrew123
Andrew123!
Andrew1234
Andrew1234!
Andrew12345
Andrew123456
Andrew2
Andrew2020
Andrew2020!
Andrew2021
Andrew2021!
Andrew2022
Andrew2022!
Andrew2023
Andrew2023!
Andrew2024
Andrew2024!
Andrew2025
Andrew2025!
Andrew2026
Andrew2026!
Andrew22
Andrew3
Andrew33
Andrew4
Andrew5
Andrew6
Andrew7
Andrew8
Andrew9
Andrew99
Andrew99!
Andrew??
Andrew@
Andrew@123
Angela
Angela!
Angela1
Angela12
Angela123
Angela123!
Angela1234
Angela2024
Angela2025
Angela2026
Ann
Ann!
Ann1
Ann12
Ann123
Ann123!
Ann1234
Ann2024
Ann2025
Ann2026
Anna
Anna!
Anna1
Anna12
Anna123
Anna123!
Anna1234
Anna2024
Anna2025
Anna2026
Anthony
Anthony!
Anthony!!
Anthony!!!
Anthony!@#
Anthony#1
Anthony$
Anthony0
Anthony00
Anthony007
Anthony01
Anthony01!
Anthony02
Anthony1
Anthony1!
Anthony12
Anthony123
Anthony123!
Anthony1234
Anthony1234!
Anthony12345
Anthony123456
Anthony2
Anthony2020
Anthony2020!
Anthony2021
Anthony2021!
Anthony2022
Anthony2022!
Anthony2023
Anthony2023!
Anthony2024
Anthony2024!
Anthony2025
Anthony2025!
Anthony2026
Anthony2026!
Anthony22
Anthony3
Anthony33
Anthony4
Anthony5
Anthony6
Anthony7
Anthony8
Anthony9
Anthony99
Anthony99!
Anthony??
Anthony@
Anthony@123
Apr2015
Apr2015!
Apr2016
Apr2016!
Apr2017
Apr2017!
Apr2018
Apr2018!
Apr2019
Apr2019!
Apr2020
Apr2020!
Apr2021
Apr2021!
Apr2022
Apr2022!
Apr2023
Apr2023!
Apr2024
Apr2024!
Apr2025
Apr2025!
Apr2026
Apr2026!
Apr2027
Apr2027!
Apr@2015
Apr@2016
Apr@2017
Apr@2018
Apr@2019
Apr@2020
Apr@2021
Apr@2022
Apr@2023
Apr@2024
Apr@2025
Apr@2026
Apr@2027
April2015
April2015!
April2016
April2016!
April2017
April2017!
April2018
April2018!
April2019
April2019!
April2020
April2020!
April2021
April2021!
April2022
April2022!
April2023
April2023!
April2024
April2024!
April2025
April2025!
April2026
April2026!
April2027
April2027!
April@2015
April@2016
April@2017
April@2018
April@2019
April@2020
April@2021
April@2022
April@2023
April@2024
April@2025
April@2026
April@2027
Aug2015
Aug2015!
Aug2016
Aug2016!
Aug2017
Aug2017!
Aug2018
Aug2018!
Aug2019
Aug2019!
Aug2020
Aug2020!
Aug2021
Aug2021!
Aug2022
Aug2022!
Aug2023
Aug2023!
Aug2024
Aug2024!
Aug2025
Aug2025!
Aug2026
Aug2026!
Aug2027
Aug2027!
Aug@2015
Aug@2016
Aug@2017
Aug@2018
Aug@2019
Aug@2020
Aug@2021
Aug@2022
Aug@2023
Aug@2024
Aug@2025
Aug@2026
Aug@2027
August2015
August2015!
August2016
August2016!
August2017
August2017!
August2018
August2018!
August2019
August2019!
August2020
August2020!
August2021
August2021!
August2022
August2022!
August2023
August2023!
August2024
August2024!
August2025
August2025!
August2026
August2026!
August2027
August2027!
August@2015
August@2016
August@2017
August@2018
August@2019
August@2020
August@2021
August@2022
August@2023
August@2024
August@2025
August@2026
August@2027
Autumn
Autumn!
Autumn!!
Autumn!!!
Autumn!@#
Autumn#1
Autumn$
Autumn0
Autumn00
Autumn007
Autumn01
Autumn01!
Autumn02
Autumn1
Autumn1!
Autumn12
Autumn123
Autumn123!
Autumn1234
Autumn1234!
Autumn12345
Autumn123456
Autumn2
Autumn2015
Autumn2015!
Autumn2016
Autumn2016!
Autumn2017
Autumn2017!
Autumn2018
Autumn2018!
Autumn2019
Autumn2019!
Autumn2020
Autumn2020!
Autumn2021
Autumn2021!
Autumn2022
Autumn2022!
Autumn2023
Autumn2023!
Autumn2024
Autumn2025
Autumn2025!
Autumn2026
Autumn2026!
Autumn2027
Autumn2027!
Autumn22
Autumn3
Autumn33
Autumn4
Autumn5
Autumn6
Autumn7
Autumn8
Autumn9
Autumn99
Autumn99!
Autumn??
Autumn@
Autumn@123
Autumn@2015
Autumn@2016
Autumn@2017
Autumn@2018
Autumn@2019
Autumn@2020
Autumn@2021
Autumn@2022
Autumn@2023
Autumn@2024
Autumn@2025
Autumn@2026
Autumn@2027
Bailey
Bailey!
Bailey!!
Bailey!!!
Bailey!@#
Bailey#1
Bailey$
Bailey0
Bailey00
Bailey007
Bailey01
Bailey01!
Bailey02
Bailey1
Bailey1!
Bailey12
Bailey123
Bailey123!
Bailey1234
Bailey1234!
Bailey12345
Bailey123456
Bailey2
Bailey2020
Bailey2020!
Bailey2021
Bailey2021!
Bailey2022
Bailey2022!
Bailey2023
Bailey2023!
Bailey2024
Bailey2024!
Bailey2025
Bailey2025!
Bailey2026
Bailey2026!
Bailey22
Bailey3
Bailey33
Bailey4
Bailey5
Bailey6
Bailey7
Bailey8
Bailey9
Bailey99
Bailey99!
Bailey??
Bailey@
Bailey@123
Bandit
Bandit!
Bandit!!
Bandit!!!
Bandit!@#
Bandit#1
Bandit$
Bandit0
Bandit00
Bandit007
Bandit01
Bandit01!
Bandit02
Bandit1
Bandit1!
Bandit12
Bandit123
Bandit123!
Bandit1234
Bandit1234!
Bandit12345
Bandit123456
Bandit2
Bandit2020
Bandit2020!
Bandit2021
Bandit2021!
Bandit2022
Bandit2022!
Bandit2023
Bandit2023!
Bandit2024
Bandit2024!
Bandit2025
Bandit2025!
Bandit2026
Bandit2026!
Bandit22
Bandit3
Bandit33
Bandit4
Bandit5
Bandit6
Bandit7
Bandit8
Bandit9
Bandit99
Bandit99!
Bandit??
Bandit@
Bandit@123
Barbara
Barbara!
Barbara1
Barbara12
Barbara123
Barbara123!
Barbara1234
Barbara2024
Barbara2025
Barbara2026
Barney
Barney!
Barney!!
Barney!!!
Barney!@#
Barney#1
Barney$
Barney0
Barney00
Barney007
Barney01
Barney01!
Barney02
Barney1
Barney1!
Barney12
Barney123
Barney123!
Barney1234
Barney1234!
Barney12345
Barney123456
Barney2
Barney2020
Barney2020!
Barney2021
Barney2021!
Barney2022
Barney2022!
Barney2023
Barney2023!
Barney2024
Barney2024!
Barney2025
Barney2025!
Barney2026
Barney2026!
Barney22
Barney3
Barney33
Barney4
Barney5
Barney6
Barney7
Barney8
Barney9
Barney99
Barney99!
Barney??
Barney@
Barney@123
Baseball
Baseball!
Baseball!!
Baseball!!!
Baseball!@#
Baseball#1
Baseball$
Baseball0
Baseball00
Baseball007
Baseball01
Baseball01!
Baseball02
Baseball1
Baseball1!
Baseball12
Baseball123
Baseball123!
Baseball1234
Baseball1234!
Baseball12345
Baseball123456
Baseball2
Baseball2020
Baseball2020!
Baseball2021
Baseball2021!
Baseball2022
Baseball2022!
Baseball2023
Baseball2023!
Baseball2024
Baseball2024!
Baseball2025
Baseball2025!
Baseball2026
Baseball2026!
Baseball22
Baseball3
Baseball33
Baseball4
Baseball5
Baseball6
Baseball7
Baseball8
Baseball9
Baseball99
Baseball99!
Baseball??
Baseball@
Baseball@123
Batman
Batman!
Batman!!
Batman!!!
Batman!@#
Batman#1
Batman$
Batman0
Batman00
Batman007
Batman01
Batman01!
Batman02
Batman1
Batman1!
Batman12
Batman123
Batman123!
Batman1234
Batman1234!
Batman12345
Batman123456
Batman2
Batman2020
Batman2020!
Batman2021
Batman2021!
Batman2022
Batman2022!
Batman2023
Batman2023!
Batman2024
Batman2024!
Batman2025
Batman2025!
Batman2026
Batman2026!
Batman22
Batman3
Batman33
Batman4
Batman5
Batman6
Batman7
Batman8
Batman9
Batman99
Batman99!
Batman??
Batman@
Batman@123
Betty
Betty!
Betty1
Betty12
Betty123
Betty123!
Betty1234
Betty2024
Betty2025
Betty2026
Boston
Boston!
Boston!!
Boston!!!
Boston!@#
Boston#1
Boston$
Boston0
Boston00
Boston007
Boston01
Boston01!
Boston02
Boston1
Boston1!
Boston12
Boston123
Boston123!
Boston1234
Boston1234!
Boston12345
Boston123456
Boston2
Boston2020
Boston2020!
Boston2021
Boston2021!
Boston2022
Boston2022!
Boston2023
Boston2023!
Boston2024
Boston2024!
Boston2025
Boston2025!
Boston2026
Boston2026!
Boston22
Boston3
Boston33
Boston4
Boston5
Boston6
Boston7
Boston8
Boston9
Boston99
Boston99!
Boston??
Boston@
Boston@123
Brandy
Brandy!
Brandy!!
Brandy!!!
Brandy!@#
Brandy#1
Brandy$
Brandy0
Brandy00
Brandy007
Brandy01
Brandy01!
Brandy02
Brandy1
Brandy1!
Brandy12
Brandy123
Brandy123!
Brandy1234
Brandy1234!
Brandy12345
Brandy123456
Brandy2
Brandy2020
Brandy2020!
Brandy2021
Brandy2021!
Brandy2022
Brandy2022!
Brandy2023
Brandy2023!
Brandy2024
Brandy2024!
Brandy2025
Brandy2025!
Brandy2026
Brandy2026!
Brandy22
Brandy3
Brandy33
Brandy4
Brandy5
Brandy6
Brandy7
Brandy8
Brandy9
Brandy99
Brandy99!
Brandy??
Brandy@
Brandy@123
Brenda
Brenda!
Brenda1
Brenda12
Brenda123
Brenda123!
Brenda1234
Brenda2024
Brenda2025
Brenda2026
Brian
Brian!
Brian1
Brian12
Brian123
Brian123!
Brian1234
Brian2024
Brian2025
Brian2026
Bullet
Bullet!
Bullet!!
Bullet!!!
Bullet!@#
Bullet#1
Bullet$
Bullet0
Bullet00
Bullet007
Bullet01
Bullet01!
Bullet02
Bullet1
Bullet1!
Bullet12
Bullet123
Bullet123!
Bullet1234
Bullet1234!
Bullet12345
Bullet123456
Bullet2
Bullet2020
Bullet2020!
Bullet2021
Bullet2021!
Bullet2022
Bullet2022!
Bullet2023
Bullet2023!
Bullet2024
Bullet2024!
Bullet2025
Bullet2025!
Bullet2026
Bullet2026!
Bullet22
Bullet3
Bullet33
Bullet4
Bullet5
Bullet6
Bullet7
Bullet8
Bullet9
Bullet99
Bullet99!
Bullet??
Bullet@
Bullet@123
Buster
Buster!
Buster!!
Buster!!!
Buster!@#
Buster#1
Buster$
Buster0
Buster00
Buster007
Buster01
Buster01!
Buster02
Buster1
Buster1!
Buster12
Buster123
Buster123!
Buster1234
Buster1234!
Buster12345
Buster123456
Buster2
Buster2020
Buster2020!
Buster2021
Buster2021!
Buster2022
Buster2022!
Buster2023
Buster2023!
Buster2024
Buster2024!
Buster2025
Buster2025!
Buster2026
Buster2026!
Buster22
Buster3
Buster33
Buster4
Buster5
Buster6
Buster7
Buster8
Buster9
Buster99
Buster99!
Buster??
Buster@
Buster@123
Camaro
Camaro!
Camaro!!
Camaro!!!
Camaro!@#
Camaro#1
Camaro$
Camaro0
Camaro00
Camaro007
Camaro01
Camaro01!
Camaro02
Camaro1
Camaro1!
Camaro12
Camaro123
Camaro123!
Camaro1234
Camaro1234!
Camaro12345
Camaro123456
Camaro2
Camaro2020
Camaro2020!
Camaro2021
Camaro2021!
Camaro2022
Camaro2022!
Camaro2023
Camaro2023!
Camaro2024
Camaro2024!
Camaro2025
Camaro2025!
Camaro2026
Camaro2026!
Camaro22
Camaro3
Camaro33
Camaro4
Camaro5
Camaro6
Camaro7
Camaro8
Camaro9
Camaro99
Camaro99!
Camaro??
Camaro@
Camaro@123
Captain
Captain!
Captain!!
Captain!!!
Captain!@#
Captain#1
Captain$
Captain0
Captain00
Captain007
Captain01
Captain01!
Captain02
Captain1
Captain1!
Captain12
Captain123
Captain123!
Captain1234
Captain1234!
Captain12345
Captain123456
Captain2
Captain2020
Captain2020!
Captain2021
Captain2021!
Captain2022
Captain2022!
Captain2023
Captain2023!
Captain2024
Captain2024!
Captain2025
Captain2025!
Captain2026
Captain2026!
Captain22
Captain3
Captain33
Captain4
Captain5
Captain6
Captain7
Captain8
Captain9
Captain99
Captain99!
Captain??
Captain@
Captain@123
Carol
Carol!
Carol1
Carol12
Carol123
Carol123!
Carol1234
Carol2024
Carol2025
Carol2026
Carolyn
Carolyn!
Carolyn1
Carolyn12
Carolyn123
Carolyn123!
Carolyn1234
Carolyn2024
Carolyn2025
Carolyn2026
Casper
Casper!
Casper!!
Casper!!!
Casper!@#
Casper#1
Casper$
Casper0
Casper00
Casper007
Casper01
Casper01!
Casper02
Casper1
Casper1!
Casper12
Casper123
Casper123!
Casper1234
Casper1234!
Casper12345
Casper123456
Casper2
Casper2020
Casper2020!
Casper2021
Casper2021!
Casper2022
Casper2022!
Casper2023
Casper2023!
Casper2024
Casper2024!
Casper2025
Casper2025!
Casper2026
Casper2026!
Casper22
Casper3
Casper33
Casper4
Casper5
Casper6
Casper7
Casper8
Casper9
Casper99
Casper99!
Casper??
Casper@
Casper@123
Catherine
Catherine!
Catherine1
Catherine12
Catherine123
Catherine123!
Catherine1234
Catherine2024
Catherine2025
Catherine2026
Champion
Champion!
Champion!!
Champion!!!
Champion!@#
Champion#1
Champion$
Champion0
Champion00
Champion007
Champion01
Champion01!
Champion02
Champion1
Champion1!
Champion12
Champion123
Champion123!
Champion1234
Champion1234!
Champion12345
Champion123456
Champion2
Champion2020
Champion2020!
Champion2021
Champion2021!
Champion2022
Champion2022!
Champion2023
Champion2023!
Champion2024
Champion2024!
Champion2025
Champion2025!
Champion2026
Champion2026!
Champion22
Champion3
Champion33
Champion4
Champion5
Champion6
Champion7
Champion8
Champion9
Champion99
Champion99!
Champion??
Champion@
Champion@123
Changeme
Changeme!
Changeme!!
Changeme!!!
Changeme!@#
Changeme#1
Changeme$
Changeme0
Changeme00
Changeme007
Changeme01
Changeme01!
Changeme02
Changeme1
Changeme1!
Changeme12
Changeme123
Changeme123!
Changeme1234
Changeme1234!
Changeme12345
Changeme123456
Changeme2
Changeme2020
Changeme2020!
Changeme2021
Changeme2021!
Changeme2022
Changeme2022!
Changeme2023
Changeme2023!
Changeme2024
Changeme2024!
Changeme2025
Changeme2025!
Changeme2026
Changeme2026!
Changeme22
Changeme3
Changeme33
Changeme4
Changeme5
Changeme6
Changeme7
Changeme8
Changeme9
Changeme99
Changeme99!
Changeme??
Changeme@
Changeme@123
Charles
Charles!
Charles1
Charles12
Charles123
Charles123!
Charles1234
Charles2024
Charles2025
Charles2026
Charlie
Charlie!
Charlie!!
Charlie!!!
Charlie!@#
Charlie#1
Charlie$
Charlie0
Charlie00
Charlie007
Charlie01
Charlie01!
Charlie02
Charlie1
Charlie1!
Charlie12
Charlie123
Charlie123!
Charlie1234
Charlie1234!
Charlie12345
Charlie123456
Charlie2
Charlie2020
Charlie2020!
Charlie2021
Charlie2021!
Charlie2022
Charlie2022!
Charlie2023
Charlie2023!
Charlie2024
Charlie2024!
Charlie2025
Charlie2025!
Charlie2026
Charlie2026!
Charlie22
Charlie3
Charlie33
Charlie4
Charlie5
Charlie6
Charlie7
Charlie8
Charlie9
Charlie99
Charlie99!
Charlie??
Charlie@
Charlie@123
Cheese
Cheese!
Cheese!!
Cheese!!!
Cheese!@#
Cheese#1
Cheese$
Cheese0
Cheese00
Cheese007
Cheese01
Cheese01!
Cheese02
Cheese1
Cheese1!
Cheese12
Cheese123
Cheese123!
Cheese1234
Cheese1234!
Cheese12345
Cheese123456
Cheese2
Cheese2020
Cheese2020!
Cheese2021
Cheese2021!
Cheese2022
Cheese2022!
Cheese2023
Cheese2023!
Cheese2024
Cheese2024!
Cheese2025
Cheese2025!
Cheese2026
Cheese2026!
Cheese22
Cheese3
Cheese33
Cheese4
Cheese5
Cheese6
Cheese7
Cheese8
Cheese9
Cheese99
Cheese99!
Cheese??
Cheese@
Cheese@123
Chelsea
Chelsea!
Chelsea!!
Chelsea!!!
Chelsea!@#
Chelsea#1
Chelsea$
Chelsea0
Chelsea00
Chelsea007
Chelsea01
Chelsea01!
Chelsea02
Chelsea1
Chelsea1!
Chelsea12
Chelsea123
Chelsea123!
Chelsea1234
Chelsea1234!
Chelsea12345
Chelsea123456
Chelsea2
Chelsea2020
Chelsea2020!
Chelsea2021
Chelsea2021!
Chelsea2022
Chelsea2022!
Chelsea2023
Chelsea2023!
Chelsea2024
Chelsea2024!
Chelsea2025
Chelsea2025!
Chelsea2026
Chelsea2026!
Chelsea22
Chelsea3
Chelsea33
Chelsea4
Chelsea5
Chelsea6
Chelsea7
Chelsea8
Chelsea9
Chelsea99
Chelsea99!
Chelsea??
Chelsea@
Chelsea@123
Cheryl
Cheryl!
Cheryl1
Cheryl12
Cheryl123
Cheryl123!
Cheryl1234
Cheryl2024
Cheryl2025
Cheryl2026
Christine
Christine!
Christine1
Christine12
Christine123
Christine123!
Christine1234
Christine2024
Christine2025
Christine2026
Christopher
Christopher!
Christopher1
Christopher12
Christopher123
Christopher123!
Christopher1234
Christopher2024
Christopher2025
Christopher2026
Client
Client!
Client!!
Client!!!
Client!@#
Client#1
Client$
Client0
Client00
Client007
Client01
Client01!
Client02
Client1
Client1!
Client12
Client123
Client123!
Client1234
Client1234!
Client12345
Client123456
Client2
Client2020
Client2020!
Client2021
Client2021!
Client2022
Client2022!
Client2023
Client2023!
Client2024
Client2024!
Client2025
Client2025!
Client2026
Client2026!
Client22
Client3
Client33
Client4
Client5
Client6
Client7
Client8
Client9
Client99
Client99!
Client??
Client@
Client@123
Coffee
Coffee!
Coffee!!
Coffee!!!
Coffee!@#
Coffee#1
Coffee$
Coffee0
Coffee00
Coffee007
Coffee01
Coffee01!
Coffee02
Coffee1
Coffee1!
Coffee12
Coffee123
Coffee123!
Coffee1234
Coffee1234!
Coffee12345
Coffee123456
Coffee2
Coffee2020
Coffee2020!
Coffee2021
Coffee2021!
Coffee2022
Coffee2022!
Coffee2023
Coffee2023!
Coffee2024
Coffee2024!
Coffee2025
Coffee2025!
Coffee2026
Coffee2026!
Coffee22
Coffee3
Coffee33
Coffee4
Coffee5
Coffee6
Coffee7
Coffee8
Coffee9
Coffee99
Coffee99!
Coffee??
Coffee@
Coffee@123
Company
Company!
Company!!
Company!!!
Company!@#
Company#1
Company$
Company0
Company00
Company007
Company01
Company01!
Company02
Company1
Company1!
Company12
Company123
Company123!
Company1234
Company1234!
Company12345
Company123456
Company2
Company2020
Company2020!
Company2021
Company2021!
Company2022
Company2022!
Company2023
Company2023!
Company2024
Company2024!
Company2025
Company2025!
Company2026
Company2026!
Company22
Company3
Company33
Company4
Company5
Company6
Company7
Company8
Company9
Company99
Company99!
Company??
Company@
Company@123
Computer
Computer!
Computer!!
Computer!!!
Computer!@#
Computer#1
Computer$
Computer0
Computer00
Computer007
Computer01
Computer01!
Computer02
Computer1
Computer1!
Computer12
Computer123
Computer123!
Computer1234
Computer1234!
Computer12345
Computer123456
Computer2
Computer2020
Computer2020!
Computer2021
Computer2021!
Computer2022
Computer2022!
Computer2023
Computer2023!
Computer2024
Computer2024!
Computer2025
Computer2025!
Computer2026
Computer2026!
Computer22
Computer3
Computer33
Computer4
Computer5
Computer6
Computer7
Computer8
Computer9
Computer99
Computer99!
Computer??
Computer@
Computer@123
Cookie
Cookie!
Cookie!!
Cookie!!!
Cookie!@#
Cookie#1
Cookie$
Cookie0
Cookie00
Cookie007
Cookie01
Cookie01!
Cookie02
Cookie1
Cookie1!
Cookie12
Cookie123
Cookie123!
Cookie1234
Cookie1234!
Cookie12345
Cookie123456
Cookie2
Cookie2020
Cookie2020!
Cookie2021
Cookie2021!
Cookie2022
Cookie2022!
Cookie2023
Cookie2023!
Cookie2024
Cookie2024!
Cookie2025
Cookie2025!
Cookie2026
Cookie2026!
Cookie22
Cookie3
Cookie33
Cookie4
Cookie5
Cookie6
Cookie7
Cookie8
Cookie9
Cookie99
Cookie99!
Cookie??
Cookie@
Cookie@123
Cooper
Cooper!
Cooper!!
Cooper!!!
Cooper!@#
Cooper#1
Cooper$
Cooper0
Cooper00
Cooper007
Cooper01
Cooper01!
Cooper02
Cooper1
Cooper1!
Cooper12
Cooper123
Cooper123!
Cooper1234
Cooper1234!
Cooper12345
Cooper123456
Cooper2
Cooper2020
Cooper2020!
Cooper2021
Cooper2021!
Cooper2022
Cooper2022!
Cooper2023
Cooper2023!
Cooper2024
Cooper2024!
Cooper2025
Cooper2025!
Cooper2026
Cooper2026!
Cooper22
Cooper3
Cooper33
Cooper4
Cooper5
Cooper6
Cooper7
Cooper8
Cooper9
Cooper99
Cooper99!
Cooper??
Cooper@
Cooper@123
Corrado
Corrado!
Corrado!!
Corrado!!!
Corrado!@#
Corrado#1
Corrado$
Corrado0
Corrado00
Corrado007
Corrado01
Corrado01!
Corrado02
Corrado1
Corrado1!
Corrado12
Corrado123
Corrado123!
Corrado1234
Corrado1234!
Corrado12345
Corrado123456
Corrado2
Corrado2020
Corrado2020!
Corrado2021
Corrado2021!
Corrado2022
Corrado2022!
Corrado2023
Corrado2023!
Corrado2024
Corrado2024!
Corrado2025
Corrado2025!
Corrado2026
Corrado2026!
Corrado22
Corrado3
Corrado33
Corrado4
Corrado5
Corrado6
Corrado7
Corrado8
Corrado9
Corrado99
Corrado99!
Corrado??
Corrado@
Corrado@123
Corvette
Corvette!
Corvette!!
Corvette!!!
Corvette!@#
Corvette#1
Corvette$
Corvette0
Corvette00
Corvette007
Corvette01
Corvette01!
Corvette02
Corvette1
Corvette1!
Corvette12
Corvette123
Corvette123!
Corvette1234
Corvette1234!
Corvette12345
Corvette123456
Corvette2
Corvette2020
Corvette2020!
Corvette2021
Corvette2021!
Corvette2022
Corvette2022!
Corvette2023
Corvette2023!
Corvette2024
Corvette2024!
Corvette2025
Corvette2025!
Corvette2026
Corvette2026!
Corvette22
Corvette3
Corvette33
Corvette4
Corvette5
Corvette6
Corvette7
Corvette8
Corvette9
Corvette99
Corvette99!
Corvette??
Corvette@
Corvette@123
Cougar
Cougar!
Cougar!!
Cougar!!!
Cougar!@#
Cougar#1
Cougar$
Cougar0
Cougar00
Cougar007
Cougar01
Cougar01!
Cougar02
Cougar1
Cougar1!
Cougar12
Cougar123
Cougar123!
Cougar1234
Cougar1234!
Cougar12345
Cougar123456
Cougar2
Cougar2020
Cougar2020!
Cougar2021
Cougar2021!
Cougar2022
Cougar2022!
Cougar2023
Cougar2023!
Cougar2024
Cougar2024!
Cougar2025
Cougar2025!
Cougar2026
Cougar2026!
Cougar22
Cougar3
Cougar33
Cougar4
Cougar5
Cougar6
Cougar7
Cougar8
Cougar9
Cougar99
Cougar99!
Cougar??
Cougar@
Cougar@123
Cowboy
Cowboy!
Cowboy!!
Cowboy!!!
Cowboy!@#
Cowboy#1
Cowboy$
Cowboy0
Cowboy00
Cowboy007
Cowboy01
Cowboy01!
Cowboy02
Cowboy1
Cowboy1!
Cowboy12
Cowboy123
Cowboy123!
Cowboy1234
Cowboy1234!
Cowboy12345
Cowboy123456
Cowboy2
Cowboy2020
Cowboy2020!
Cowboy2021
Cowboy2021!
Cowboy2022
Cowboy2022!
Cowboy2023
Cowboy2023!
Cowboy2024
Cowboy2024!
Cowboy2025
Cowboy2025!
Cowboy2026
Cowboy2026!
Cowboy22
Cowboy3
Cowboy33
Cowboy4
Cowboy5
Cowboy6
Cowboy7
Cowboy8
Cowboy9
Cowboy99
Cowboy99!
Cowboy??
Cowboy@
Cowboy@123
Cynthia
Cynthia!
Cynthia1
Cynthia12
Cynthia123
Cynthia123!
Cynthia1234
Cynthia2024
Cynthia2025
Cynthia2026
Dakota
Dakota!
Dakota!!
Dakota!!!
Dakota!@#
Dakota#1
Dakota$
Dakota0
Dakota00
Dakota007
Dakota01
Dakota01!
Dakota02
Dakota1
Dakota1!
Dakota12
Dakota123
Dakota123!
Dakota1234
Dakota1234!
Dakota12345
Dakota123456
Dakota2
Dakota2020
Dakota2020!
Dakota2021
Dakota2021!
Dakota2022
Dakota2022!
Dakota2023
Dakota2023!
Dakota2024
Dakota2024!
Dakota2025
Dakota2025!
Dakota2026
Dakota2026!
Dakota22
Dakota3
Dakota33
Dakota4
Dakota5
Dakota6
Dakota7
Dakota8
Dakota9
Dakota99
Dakota99!
Dakota??
Dakota@
Dakota@123
Daniel
Daniel!
Daniel!!
Daniel!!!
Daniel!@#
Daniel#1
Daniel$
Daniel0
Daniel00
Daniel007
Daniel01
Daniel01!
Daniel02
Daniel1
Daniel1!
Daniel12
Daniel123
Daniel123!
Daniel1234
Daniel1234!
Daniel12345
Daniel123456
Daniel2
Daniel2020
Daniel2020!
Daniel2021
Daniel2021!
Daniel2022
Daniel2022!
Daniel2023
Daniel2023!
Daniel2024
Daniel2024!
Daniel2025
Daniel2025!
Daniel2026
Daniel2026!
Daniel22
Daniel3
Daniel33
Daniel4
Daniel5
Daniel6
Daniel7
Daniel8
Daniel9
Daniel99
Daniel99!
Daniel??
Daniel@
Daniel@123
David
David!
David1
David12
David123
David123!
David1234
David2024
David2025
David2026
Deborah
Deborah!
Deborah1
Deborah12
Deborah123
Deborah123!
Deborah1234
Deborah2024
Deborah2025
Deborah2026
Debra
Debra!
Debra1
Debra12
Debra123
Debra123!
Debra1234
Debra2024
Debra2025
Debra2026
Dec2015
Dec2015!
Dec2016
Dec2016!
Dec2017
Dec2017!
Dec2018
Dec2018!
Dec2019
Dec2019!
Dec2020
Dec2020!
Dec2021
Dec2021!
Dec2022
Dec2022!
Dec2023
Dec2023!
Dec2024
Dec2024!
Dec2025
Dec2025!
Dec2026
Dec2026!
Dec2027
Dec2027!
Dec@2015
Dec@2016
Dec@2017
Dec@2018
Dec@2019
Dec@2020
Dec@2021
Dec@2022
Dec@2023
Dec@2024
Dec@2025
Dec@2026
Dec@2027
December2015
December2015!
December2016
December2016!
December2017
December2017!
December2018
December2018!
December2019
December2019!
December2020
December2020!
December2021
December2021!
December2022
December2022!
December2023
December2023!
December2024
December2024!
December2025
December2025!
December2026
December2026!
December2027
December2027!
December@2015
December@2016
December@2017
December@2018
December@2019
December@2020
December@2021
December@2022
December@2023
December@2024
December@2025
December@2026
December@2027
Default
Default!
Default!!
Default!!!
Default!@#
Default#1
Default$
Default0
Default00
Default007
Default01
Default01!
Default02
Default1
Default1!
Default12
Default123
Default123!
Default1234
Default1234!
Default12345
Default123456
Default2
Default2020
Default2020!
Default2021
Default2021!
Default2022
Default2022!
Default2023
Default2023!
Default2024
Default2024!
Default2025
Default2025!
Default2026
Default2026!
Default22
Default3
Default33
Default4
Default5
Default6
Default7
Default8
Default9
Default99
Default99!
Default??
Default@
Default@123
Dennis
Dennis!
Dennis1
Dennis12
Dennis123
Dennis123!
Dennis1234
Dennis2024
Dennis2025
Dennis2026
Diamond
Diamond!
Diamond!!
Diamond!!!
Diamond!@#
Diamond#1
Diamond$
Diamond0
Diamond00
Diamond007
Diamond01
Diamond01!
Diamond02
Diamond1
Diamond1!
Diamond12
Diamond123
Diamond123!
Diamond1234
Diamond1234!
Diamond12345
Diamond123456
Diamond2
Diamond2020
Diamond2020!
Diamond2021
Diamond2021!
Diamond2022
Diamond2022!
Diamond2023
Diamond2023!
Diamond2024
Diamond2024!
Diamond2025
Diamond2025!
Diamond2026
Diamond2026!
Diamond22
Diamond3
Diamond33
Diamond4
Diamond5
Diamond6
Diamond7
Diamond8
Diamond9
Diamond99
Diamond99!
Diamond??
Diamond@
Diamond@123
Diane
Diane!
Diane1
Diane12
Diane123
Diane123!
Diane1234
Diane2024
Diane2025
Diane2026
Diesel
Diesel!
Diesel!!
Diesel!!!
Diesel!@#
Diesel#1
Diesel$
Diesel0
Diesel00
Diesel007
Diesel01
Diesel01!
Diesel02
Diesel1
Diesel1!
Diesel12
Diesel123
Diesel123!
Diesel1234
Diesel1234!
Diesel12345
Diesel123456
Diesel2
Diesel2020
Diesel2020!
Diesel2021
Diesel2021!
Diesel2022
Diesel2022!
Diesel2023
Diesel2023!
Diesel2024
Diesel2024!
Diesel2025
Diesel2025!
Diesel2026
Diesel2026!
Diesel22
Diesel3
Diesel33
Diesel4
Diesel5
Diesel6
Diesel7
Diesel8
Diesel9
Diesel99
Diesel99!
Diesel??
Diesel@
Diesel@123
Doctor
Doctor!
Doctor!!
Doctor!!!
Doctor!@#
Doctor#1
Doctor$
Doctor0
Doctor00
Doctor007
Doctor01
Doctor01!
Doctor02
Doctor1
Doctor1!
Doctor12
Doctor123
Doctor123!
Doctor1234
Doctor1234!
Doctor12345
Doctor123456
Doctor2
Doctor2020
Doctor2020!
Doctor2021
Doctor2021!
Doctor2022
Doctor2022!
Doctor2023
Doctor2023!
Doctor2024
Doctor2024!
Doctor2025
Doctor2025!
Doctor2026
Doctor2026!
Doctor22
Doctor3
Doctor33
Doctor4
Doctor5
Doctor6
Doctor7
Doctor8
Doctor9
Doctor99
Doctor99!
Doctor??
Doctor@
Doctor@123
Donald
Donald!
Donald!!
Donald!!!
Donald!@#
Donald#1
Donald$
Donald0
Donald00
Donald007
Donald01
Donald01!
Donald02
Donald1
Donald1!
Donald12
Donald123
Donald123!
Donald1234
Donald1234!
Donald12345
Donald123456
Donald2
Donald2020
Donald2020!
Donald2021
Donald2021!
Donald2022
Donald2022!
Donald2023
Donald2023!
Donald2024
Donald2024!
Donald2025
Donald2025!
Donald2026
Donald2026!
Donald22
Donald3
Donald33
Donald4
Donald5
Donald6
Donald7
Donald8
Donald9
Donald99
Donald99!
Donald??
Donald@
Donald@123
Donna
Donna!
Donna1
Donna12
Donna123
Donna123!
Donna1234
Donna2024
Donna2025
Donna2026
Doris
Doris!
Doris1
Doris12
Doris123
Doris123!
Doris1234
Doris2024
Doris2025
Doris2026
Dorothy
Dorothy!
Dorothy1
Dorothy12
Dorothy123
Dorothy123!
Dorothy1234
Dorothy2024
Dorothy2025
Dorothy2026
Dragon
Dragon!
Dragon!!
Dragon!!!
Dragon!@#
Dragon#1
Dragon$
Dragon0
Dragon00
Dragon007
Dragon01
Dragon01!
Dragon02
Dragon1
Dragon1!
Dragon12
Dragon123
Dragon123!
Dragon1234
Dragon1234!
Dragon12345
Dragon123456
Dragon2
Dragon2020
Dragon2020!
Dragon2021
Dragon2021!
Dragon2022
Dragon2022!
Dragon2023
Dragon2023!
Dragon2024
Dragon2024!
Dragon2025
Dragon2025!
Dragon2026
Dragon2026!
Dragon22
Dragon3
Dragon33
Dragon4
Dragon5
Dragon6
Dragon7
Dragon8
Dragon9
Dragon99
Dragon99!
Dragon??
Dragon@
Dragon@123
Edward
Edward!
Edward!!
Edward!!!
Edward!@#
Edward#1
Edward$
Edward0
Edward00
Edward007
Edward01
Edward01!
Edward02
Edward1
Edward1!
Edward12
Edward123
Edward123!
Edward1234
Edward1234!
Edward12345
Edward123456
Edward2
Edward2020
Edward2020!
Edward2021
Edward2021!
Edward2022
Edward2022!
Edward2023
Edward2023!
Edward2024
Edward2024!
Edward2025
Edward2025!
Edward2026
Edward2026!
Edward22
Edward3
Edward33
Edward4
Edward5
Edward6
Edward7
Edward8
Edward9
Edward99
Edward99!
Edward??
Edward@
Edward@123
Elizabeth
Elizabeth!
Elizabeth1
Elizabeth12
Elizabeth123
Elizabeth123!
Elizabeth1234
Elizabeth2024
Elizabeth2025
Elizabeth2026
Eric
Eric!
Eric1
Eric12
Eric123
Eric123!
Eric1234
Eric2024
Eric2025
Eric2026
Evelyn
Evelyn!
Evelyn1
Evelyn12
Evelyn123
Evelyn123!
Evelyn1234
Evelyn2024
Evelyn2025
Evelyn2026
Falcon
Falcon!
Falcon!!
Falcon!!!
Falcon!@#
Falcon#1
Falcon$
Falcon0
Falcon00
Falcon007
Falcon01
Falcon01!
Falcon02
Falcon1
Falcon1!
Falcon12
Falcon123
Falcon123!
Falcon1234
Falcon1234!
Falcon12345
Falcon123456
Falcon2
Falcon2020
Falcon2020!
Falcon2021
Falcon2021!
Falcon2022
Falcon2022!
Falcon2023
Falcon2023!
Falcon2024
Falcon2024!
Falcon2025
Falcon2025!
Falcon2026
Falcon2026!
Falcon22
Falcon3
Falcon33
Falcon4
Falcon5
Falcon6
Falcon7
Falcon8
Falcon9
Falcon99
Falcon99!
Falcon??
Falcon@
Falcon@123
Fall2015
Fall2015!
Fall2016
Fall2016!
Fall2017
Fall2017!
Fall2018
Fall2018!
Fall2019
Fall2019!
Fall2020
Fall2020!
Fall2021
Fall2021!
Fall2022
Fall2022!
Fall2023
Fall2023!
Fall2024
Fall2025
Fall2025!
Fall2026
Fall2026!
Fall2027
Fall2027!
Fall@2015
Fall@2016
Fall@2017
Fall@2018
Fall@2019
Fall@2020
Fall@2021
Fall@2022
Fall@2023
Fall@2024
Fall@2025
Fall@2026
Fall@2027
Feb2015
Feb2015!
Feb2016
Feb2016!
Feb2017
Feb2017!
Feb2018
Feb2018!
Feb2019
Feb2019!
Feb2020
Feb2020!
Feb2021
Feb2021!
Feb2022
Feb2022!
Feb2023
Feb2023!
Feb2024
Feb2024!
Feb2025
Feb2025!
Feb2026
Feb2026!
Feb2027
Feb2027!
Feb@2015
Feb@2016
Feb@2017
Feb@2018
Feb@2019
Feb@2020
Feb@2021
Feb@2022
Feb@2023
Feb@2024
Feb@2025
Feb@2026
Feb@2027
February2015
February2015!
February2016
February2016!
February2017
February2017!
February2018
February2018!
February2019
February2019!
February2020
February2020!
February2021
February2021!
February2022
February2022!
February2023
February2023!
February2024
February2024!
February2025
February2025!
February2026
February2026!
February2027
February2027!
February@2015
February@2016
February@2017
February@2018
February@2019
February@2020
February@2021
February@2022
February@2023
February@2024
February@2025
February@2026
February@2027
Ferrari
Ferrari!
Ferrari!!
Ferrari!!!
Ferrari!@#
Ferrari#1
Ferrari$
Ferrari0
Ferrari00
Ferrari007
Ferrari01
Ferrari01!
Ferrari02
Ferrari1
Ferrari1!
Ferrari12
Ferrari123
Ferrari123!
Ferrari1234
Ferrari1234!
Ferrari12345
Ferrari123456
Ferrari2
Ferrari2020
Ferrari2020!
Ferrari2021
Ferrari2021!
Ferrari2022
Ferrari2022!
Ferrari2023
Ferrari2023!
Ferrari2024
Ferrari2024!
Ferrari2025
Ferrari2025!
Ferrari2026
Ferrari2026!
Ferrari22
Ferrari3
Ferrari33
Ferrari4
Ferrari5
Ferrari6
Ferrari7
Ferrari8
Ferrari9
Ferrari99
Ferrari99!
Ferrari??
Ferrari@
Ferrari@123
Football
Football!
Football!!
Football!!!
Football!@#
Football#1
Football$
Football0
Football00
Football007
Football01
Football01!
Football02
Football1
Football1!
Football12
Football123
Football123!
Football1234
Football1234!
Football12345
Football123456
Football2
Football2020
Football2020!
Football2021
Football2021!
Football2022
Football2022!
Football2023
Football2023!
Football2024
Football2024!
Football2025
Football2025!
Football2026
Football2026!
Football22
Football3
Football33
Football4
Football5
Football6
Football7
Football8
Football9
Football99
Football99!
Football??
Football@
Football@123
Frances
Frances!
Frances1
Frances12
Frances123
Frances123!
Frances1234
Frances2024
Frances2025
Frances2026
Frank
Frank!
Frank1
Frank12
Frank123
Frank123!
Frank1234
Frank2024
Frank2025
Frank2026
Freedom
Freedom!
Freedom!!
Freedom!!!
Freedom!@#
Freedom#1
Freedom$
Freedom0
Freedom00
Freedom007
Freedom01
Freedom01!
Freedom02
Freedom1
Freedom1!
Freedom12
Freedom123
Freedom123!
Freedom1234
Freedom1234!
Freedom12345
Freedom123456
Freedom2
Freedom2020
Freedom2020!
Freedom2021
Freedom2021!
Freedom2022
Freedom2022!
Freedom2023
Freedom2023!
Freedom2024
Freedom2024!
Freedom2025
Freedom2025!
Freedom2026
Freedom2026!
Freedom22
Freedom3
Freedom33
Freedom4
Freedom5
Freedom6
Freedom7
Freedom8
Freedom9
Freedom99
Freedom99!
Freedom??
Freedom@
Freedom@123
Galaxy
Galaxy!
Galaxy!!
Galaxy!!!
Galaxy!@#
Galaxy#1
Galaxy$
Galaxy0
Galaxy00
Galaxy007
Galaxy01
Galaxy01!
Galaxy02
Galaxy1
Galaxy1!
Galaxy12
Galaxy123
Galaxy123!
Galaxy1234
Galaxy1234!
Galaxy12345
Galaxy123456
Galaxy2
Galaxy2020
Galaxy2020!
Galaxy2021
Galaxy2021!
Galaxy2022
Galaxy2022!
Galaxy2023
Galaxy2023!
Galaxy2024
Galaxy2024!
Galaxy2025
Galaxy2025!
Galaxy2026
Galaxy2026!
Galaxy22
Galaxy3
Galaxy33
Galaxy4
Galaxy5
Galaxy6
Galaxy7
Galaxy8
Galaxy9
Galaxy99
Galaxy99!
Galaxy??
Galaxy@
Galaxy@123
Gary
Gary!
Gary1
Gary12
Gary123
Gary123!
Gary1234
Gary2024
Gary2025
Gary2026
George
George!
George!!
George!!!
George!@#
George#1
George$
George0
George00
George007
George01
George01!
George02
George1
George1!
George12
George123
George123!
George1234
George1234!
George12345
George123456
George2
George2020
George2020!
George2021
George2021!
George2022
George2022!
George2023
George2023!
George2024
George2024!
George2025
George2025!
George2026
George2026!
George22
George3
George33
George4
George5
George6
George7
George8
George9
George99
George99!
George??
George@
George@123
Gloria
Gloria!
Gloria1
Gloria12
Gloria123
Gloria123!
Gloria1234
Gloria2024
Gloria2025
Gloria2026
Golden
Golden!
Golden!!
Golden!!!
Golden!@#
Golden#1
Golden$
Golden0
Golden00
Golden007
Golden01
Golden01!
Golden02
Golden1
Golden1!
Golden12
Golden123
Golden123!
Golden1234
Golden1234!
Golden12345
Golden123456
Golden2
Golden2020
Golden2020!
Golden2021
Golden2021!
Golden2022
Golden2022!
Golden2023
Golden2023!
Golden2024
Golden2024!
Golden2025
Golden2025!
Golden2026
Golden2026!
Golden22
Golden3
Golden33
Golden4
Golden5
Golden6
Golden7
Golden8
Golden9
Golden99
Golden99!
Golden??
Golden@
Golden@123
Gregory
Gregory!
Gregory1
Gregory12
Gregory123
Gregory123!
Gregory1234
Gregory2024
Gregory2025
Gregory2026
Guitar
Guitar!
Guitar!!
Guitar!!!
Guitar!@#
Guitar#1
Guitar$
Guitar0
Guitar00
Guitar007
Guitar01
Guitar01!
Guitar02
Guitar1
Guitar1!
Guitar12
Guitar123
Guitar123!
Guitar1234
Guitar1234!
Guitar12345
Guitar123456
Guitar2
Guitar2020
Guitar2020!
Guitar2021
Guitar2021!
Guitar2022
Guitar2022!
Guitar2023
Guitar2023!
Guitar2024
Guitar2024!
Guitar2025
Guitar2025!
Guitar2026
Guitar2026!
Guitar22
Guitar3
Guitar33
Guitar4
Guitar5
Guitar6
Guitar7
Guitar8
Guitar9
Guitar99
Guitar99!
Guitar??
Guitar@
Guitar@123
Hammer
Hammer!
Hammer!!
Hammer!!!
Hammer!@#
Hammer#1
Hammer$
Hammer0
Hammer00
Hammer007
Hammer01
Hammer01!
Hammer02
Hammer1
Hammer1!
Hammer12
Hammer123
Hammer123!
Hammer1234
Hammer1234!
Hammer12345
Hammer123456
Hammer2
Hammer2020
Hammer2020!
Hammer2021
Hammer2021!
Hammer2022
Hammer2022!
Hammer2023
Hammer2023!
Hammer2024
Hammer2024!
Hammer2025
Hammer2025!
Hammer2026
Hammer2026!
Hammer22
Hammer3
Hammer33
Hammer4
Hammer5
Hammer6
Hammer7
Hammer8
Hammer9
Hammer99
Hammer99!
Hammer??
Hammer@
Hammer@123
Harley
Harley!
Harley!!
Harley!!!
Harley!@#
Harley#1
Harley$
Harley0
Harley00
Harley007
Harley01
Harley01!
Harley02
Harley1
Harley1!
Harley12
Harley123
Harley123!
Harley1234
Harley1234!
Harley12345
Harley123456
Harley2
Harley2020
Harley2020!
Harley2021
Harley2021!
Harley2022
Harley2022!
Harley2023
Harley2023!
Harley2024
Harley2024!
Harley2025
Harley2025!
Harley2026
Harley2026!
Harley22
Harley3
Harley33
Harley4
Harley5
Harley6
Harley7
Harley8
Harley9
Harley99
Harley99!
Harley??
Harley@
Harley@123
Heather
Heather!
Heather1
Heather12
Heather123
Heather123!
Heather1234
Heather2024
Heather2025
Heather2026
Helen
Helen!
Helen1
Helen12
Helen123
Helen123!
Helen1234
Helen2024
Helen2025
Helen2026
Hockey
Hockey!
Hockey!!
Hockey!!!
Hockey!@#
Hockey#1
Hockey$
Hockey0
Hockey00
Hockey007
Hockey01
Hockey01!
Hockey02
Hockey1
Hockey1!
Hockey12
Hockey123
Hockey123!
Hockey1234
Hockey1234!
Hockey12345
Hockey123456
Hockey2
Hockey2020
Hockey2020!
Hockey2021
Hockey2021!
Hockey2022
Hockey2022!
Hockey2023
Hockey2023!
Hockey2024
Hockey2024!
Hockey2025
Hockey2025!
Hockey2026
Hockey2026!
Hockey22
Hockey3
Hockey33
Hockey4
Hockey5
Hockey6
Hockey7
Hockey8
Hockey9
Hockey99
Hockey99!
Hockey??
Hockey@
Hockey@123
Hunter
Hunter!
Hunter!!
Hunter!!!
Hunter!@#
Hunter#1
Hunter$
Hunter0
Hunter00
Hunter007
Hunter01
Hunter01!
Hunter02
Hunter1
Hunter1!
Hunter12
Hunter123
Hunter123!
Hunter1234
Hunter1234!
Hunter12345
Hunter123456
Hunter2
Hunter2020
Hunter2020!
Hunter2021
Hunter2021!
Hunter2022
Hunter2022!
Hunter2023
Hunter2023!
Hunter2024
Hunter2024!
Hunter2025
Hunter2025!
Hunter2026
Hunter2026!
Hunter22
Hunter3
Hunter33
Hunter4
Hunter5
Hunter6
Hunter7
Hunter8
Hunter9
Hunter99
Hunter99!
Hunter??
Hunter@
Hunter@123
Iloveyou
Iloveyou!
Iloveyou!!
Iloveyou!!!
Iloveyou!@#
Iloveyou#1
Iloveyou$
Iloveyou0
Iloveyou00
Iloveyou007
Iloveyou01
Iloveyou01!
Iloveyou02
Iloveyou1
Iloveyou1!
Iloveyou12
Iloveyou123
Iloveyou123!
Iloveyou1234
Iloveyou1234!
Iloveyou12345
Iloveyou123456
Iloveyou2
Iloveyou2020
Iloveyou2020!
Iloveyou2021
Iloveyou2021!
Iloveyou2022
Iloveyou2022!
Iloveyou2023
Iloveyou2023!
Iloveyou2024
Iloveyou2024!
Iloveyou2025
Iloveyou2025!
Iloveyou2026
Iloveyou2026!
Iloveyou22
Iloveyou3
Iloveyou33
Iloveyou4
Iloveyou5
Iloveyou6
Iloveyou7
Iloveyou8
Iloveyou9
Iloveyou99
Iloveyou99!
Iloveyou??
Iloveyou@
Iloveyou@123
Internet
Internet!
Internet!!
Internet!!!
Internet!@#
Internet#1
Internet$
Internet0
Internet00
Internet007
Internet01
Internet01!
Internet02
Internet1
Internet1!
Internet12
Internet123
Internet123!
Internet1234
Internet1234!
Internet12345
Internet123456
Internet2
Internet2020
Internet2020!
Internet2021
Internet2021!
Internet2022
Internet2022!
Internet2023
Internet2023!
Internet2024
Internet2024!
Internet2025
Internet2025!
Internet2026
Internet2026!
Internet22
Internet3
Internet33
Internet4
Internet5
Internet6
Internet7
Internet8
Internet9
Internet99
Internet99!
Internet??
Internet@
Internet@123
Jackson
Jackson!
Jackson!!
Jackson!!!
Jackson!@#
Jackson#1
Jackson$
Jackson0
Jackson00
Jackson007
Jackson01
Jackson01!
Jackson02
Jackson1
Jackson1!
Jackson12
Jackson123
Jackson123!
Jackson1234
Jackson1234!
Jackson12345
Jackson123456
Jackson2
Jackson2020
Jackson2020!
Jackson2021
Jackson2021!
Jackson2022
Jackson2022!
Jackson2023
Jackson2023!
Jackson2024
Jackson2024!
Jackson2025
Jackson2025!
Jackson2026
Jackson2026!
Jackson22
Jackson3
Jackson33
Jackson4
Jackson5
Jackson6
Jackson7
Jackson8
Jackson9
Jackson99
Jackson99!
Jackson??
Jackson@
Jackson@123
Jaguar
Jaguar!
Jaguar!!
Jaguar!!!
Jaguar!@#
Jaguar#1
Jaguar$
Jaguar0
Jaguar00
Jaguar007
Jaguar01
Jaguar01!
Jaguar02
Jaguar1
Jaguar1!
Jaguar12
Jaguar123
Jaguar123!
Jaguar1234
Jaguar1234!
Jaguar12345
Jaguar123456
Jaguar2
Jaguar2020
Jaguar2020!
Jaguar2021
Jaguar2021!
Jaguar2022
Jaguar2022!
Jaguar2023
Jaguar2023!
Jaguar2024
Jaguar2024!
Jaguar2025
Jaguar2025!
Jaguar2026
Jaguar2026!
Jaguar22
Jaguar3
Jaguar33
Jaguar4
Jaguar5
Jaguar6
Jaguar7
Jaguar8
Jaguar9
Jaguar99
Jaguar99!
Jaguar??
Jaguar@
Jaguar@123
James
James!
James1
James12
James123
James123!
James1234
James2024
James2025
James2026
Jan2015
Jan2015!
Jan2016
Jan2016!
Jan2017
Jan2017!
Jan2018
Jan2018!
Jan2019
Jan2019!
Jan2020
Jan2020!
Jan2021
Jan2021!
Jan2022
Jan2022!
Jan2023
Jan2023!
Jan2024
Jan2024!
Jan2025
Jan2025!
Jan2026
Jan2026!
Jan2027
Jan2027!
Jan@2015
Jan@2016
Jan@2017
Jan@2018
Jan@2019
Jan@2020
Jan@2021
Jan@2022
Jan@2023
Jan@2024
Jan@2025
Jan@2026
Jan@2027
Janet
Janet!
Janet1
Janet12
Janet123
Janet123!
Janet1234
Janet2024
Janet2025
Janet2026
January2015
January2015!
January2016
January2016!
January2017
January2017!
January2018
January2018!
January2019
January2019!
January2020
January2020!
January2021
January2021!
January2022
January2022!
January2023
January2023!
January2024
January2024!
January2025
January2025!
January2026
January2026!
January2027
January2027!
January@2015
January@2016
January@2017
January@2018
January@2019
January@2020
January@2021
January@2022
January@2023
January@2024
January@2025
January@2026
January@2027
Jason
Jason!
Jason1
Jason12
Jason123
Jason123!
Jason1234
Jason2024
Jason2025
Jason2026
Jean
Jean!
Jean1
Jean12
Jean123
Jean123!
Jean1234
Jean2024
Jean2025
Jean2026
Jeffrey
Jeffrey!
Jeffrey1
Jeffrey12
Jeffrey123
Jeffrey123!
Jeffrey1234
Jeffrey2024
Jeffrey2025
Jeffrey2026
Jennifer
Jennifer!
Jennifer1
Jennifer12
Jennifer123
Jennifer123!
Jennifer1234
Jennifer2024
Jennifer2025
Jennifer2026
Jerry
Jerry!
Jerry1
Jerry12
Jerry123
Jerry123!
Jerry1234
Jerry2024
Jerry2025
Jerry2026
Jessica
Jessica!
Jessica1
Jessica12
Jessica123
Jessica123!
Jessica1234
Jessica2024
Jessica2025
Jessica2026
John
John!
John1
John12
John123
John123!
John1234
John2024
John2025
John2026
Jordan
Jordan!
Jordan!!
Jordan!!!
Jordan!@#
Jordan#1
Jordan$
Jordan0
Jordan00
Jordan007
Jordan01
Jordan01!
Jordan02
Jordan1
Jordan1!
Jordan12
Jordan123
Jordan123!
Jordan1234
Jordan1234!
Jordan12345
Jordan123456
Jordan2
Jordan2020
Jordan2020!
Jordan2021
Jordan2021!
Jordan2022
Jordan2022!
Jordan2023
Jordan2023!
Jordan2024
Jordan2024!
Jordan2025
Jordan2025!
Jordan2026
Jordan2026!
Jordan22
Jordan3
Jordan33
Jordan4
Jordan5
Jordan6
Jordan7
Jordan8
Jordan9
Jordan99
Jordan99!
Jordan??
Jordan@
Jordan@123
Jose
Jose!
Jose1
Jose12
Jose123
Jose123!
Jose1234
Jose2024
Jose2025
Jose2026
Joseph
Joseph!
Joseph1
Joseph12
Joseph123
Joseph123!
Joseph1234
Joseph2024
Joseph2025
Joseph2026
Joshua
Joshua!
Joshua1
Joshua12
Joshua123
Joshua123!
Joshua1234
Joshua2024
Joshua2025
Joshua2026
Joyce
Joyce!
Joyce1
Joyce12
Joyce123
Joyce123!
Joyce1234
Joyce2024
Joyce2025
Joyce2026
Jul2015
Jul2015!
Jul2016
Jul2016!
Jul2017
Jul2017!
Jul2018
Jul2018!
Jul2019
Jul2019!
Jul2020
Jul2020!
Jul2021
Jul2021!
Jul2022
Jul2022!
Jul2023
Jul2023!
Jul2024
Jul2024!
Jul2025
Jul2025!
Jul2026
Jul2026!
Jul2027
Jul2027!
Jul@2015
Jul@2016
Jul@2017
Jul@2018
Jul@2019
Jul@2020
Jul@2021
Jul@2022
Jul@2023
Jul@2024
Jul@2025
Jul@2026
Jul@2027
Julie
Julie!
Julie1
Julie12
Julie123
Julie123!
Julie1234
Julie2024
Julie2025
Julie2026
July2015
July2015!
July2016
July2016!
July2017
July2017!
July2018
July2018!
July2019
July2019!
July2020
July2020!
July2021
July2021!
July2022
July2022!
July2023
July2023!
July2024
July2024!
July2025
July2025!
July2026
July2026!
July2027
July2027!
July@2015
July@2016
July@2017
July@2018
July@2019
July@2020
July@2021
July@2022
July@2023
July@2024
July@2025
July@2026
July@2027
Jumper
Jumper!
Jumper!!
Jumper!!!
Jumper!@#
Jumper#1
Jumper$
Jumper0
Jumper00
Jumper007
Jumper01
Jumper01!
Jumper02
Jumper1
Jumper1!
Jumper12
Jumper123
Jumper123!
Jumper1234
Jumper1234!
Jumper12345
Jumper123456
Jumper2
Jumper2020
Jumper2020!
Jumper2021
Jumper2021!
Jumper2022
Jumper2022!
Jumper2023
Jumper2023!
Jumper2024
Jumper2024!
Jumper2025
Jumper2025!
Jumper2026
Jumper2026!
Jumper22
Jumper3
Jumper33
Jumper4
Jumper5
Jumper6
Jumper7
Jumper8
Jumper9
Jumper99
Jumper99!
Jumper??
Jumper@
Jumper@123
Jun2015
Jun2015!
Jun2016
Jun2016!
Jun2017
Jun2017!
Jun2018
Jun2018!
Jun2019
Jun2019!
Jun2020
Jun2020!
Jun2021
Jun2021!
Jun2022
Jun2022!
Jun2023
Jun2023!
Jun2024
Jun2024!
Jun2025
Jun2025!
Jun2026
Jun2026!
Jun2027
Jun2027!
Jun@2015
Jun@2016
Jun@2017
Jun@2018
Jun@2019
Jun@2020
Jun@2021
Jun@2022
Jun@2023
Jun@2024
Jun@2025
Jun@2026
Jun@2027
June2015
June2015!
June2016
June2016!
June2017
June2017!
June2018
June2018!
June2019
June2019!
June2020
June2020!
June2021
June2021!
June2022
June2022!
June2023
June2023!
June2024
June2024!
June2025
June2025!
June2026
June2026!
June2027
June2027!
June@2015
June@2016
June@2017
June@2018
June@2019
June@2020
June@2021
June@2022
June@2023
June@2024
June@2025
June@2026
June@2027
Karen
Karen!
Karen1
Karen12
Karen123
Karen123!
Karen1234
Karen2024
Karen2025
Karen2026
Kathleen
Kathleen!
Kathleen1
Kathleen12
Kathleen123
Kathleen123!
Kathleen1234
Kathleen2024
Kathleen2025
Kathleen2026
Kenneth
Kenneth!
Kenneth1
Kenneth12
Kenneth123
Kenneth123!
Kenneth1234
Kenneth2024
Kenneth2025
Kenneth2026
Kevin
Kevin!
Kevin1
Kevin12
Kevin123
Kevin123!
Kevin1234
Kevin2024
Kevin2025
Kevin2026
Killer
Killer!
Killer!!
Killer!!!
Killer!@#
Killer#1
Killer$
Killer0
Killer00
Killer007
Killer01
Killer01!
Killer02
Killer1
Killer1!
Killer12
Killer123
Killer123!
Killer1234
Killer1234!
Killer12345
Killer123456
Killer2
Killer2020
Killer2020!
Killer2021
Killer2021!
Killer2022
Killer2022!
Killer2023
Killer2023!
Killer2024
Killer2024!
Killer2025
Killer2025!
Killer2026
Killer2026!
Killer22
Killer3
Killer33
Killer4
Killer5
Killer6
Killer7
Killer8
Killer9
Killer99
Killer99!
Killer??
Killer@
Killer@123
Kimberly
Kimberly!
Kimberly1
Kimberly12
Kimberly123
Kimberly123!
Kimberly1234
Kimberly2024
Kimberly2025
Kimberly2026
Larry
Larry!
Larry1
Larry12
Larry123
Larry123!
Larry1234
Larry2024
Larry2025
Larry2026
Laura
Laura!
Laura1
Laura12
Laura123
Laura123!
Laura1234
Laura2024
Laura2025
Laura2026
Letmein
Letmein!
Letmein!!
Letmein!!!
Letmein!@#
Letmein#1
Letmein$
Letmein0
Letmein00
Letmein007
Letmein01
Letmein01!
Letmein02
Letmein1
Letmein1!
Letmein12
Letmein123
Letmein123!
Letmein1234
Letmein1234!
Letmein12345
Letmein123456
Letmein2
Letmein2020
Letmein2020!
Letmein2021
Letmein2021!
Letmein2022
Letmein2022!
Letmein2023
Letmein2023!
Letmein2024!
Letmein2025!
Letmein2026
Letmein2026!
Letmein22
Letmein3
Letmein33
Letmein4
Letmein5
Letmein6
Letmein7
Letmein8
Letmein9
Letmein99
Letmein99!
Letmein??
Letmein@
Letmein@123
Linda
Linda!
Linda1
Linda12
Linda123
Linda123!
Linda1234
Linda2024
Linda2025
Linda2026
Lisa
Lisa!
Lisa1
Lisa12
Lisa123
Lisa123!
Lisa1234
Lisa2024
Lisa2025
Lisa2026
Login
Login!
Login!!
Login!!!
Login!@#
Login#1
Login$
Login0
Login00
Login007
Login01
Login01!
Login02
Login1
Login1!
Login12
Login123
Login123!
Login1234
Login1234!
Login12345
Login123456
Login2
Login2020
Login2020!
Login2021
Login2021!
Login2022
Login2022!
Login2023
Login2023!
Login2024
Login2024!
Login2025
Login2025!
Login2026
Login2026!
Login22
Login3
Login33
Login4
Login5
Login6
Login7
Login8
Login9
Login99
Login99!
Login??
Login@
Login@123
Mar2015
Mar2015!
Mar2016
Mar2016!
Mar2017
Mar2017!
Mar2018
Mar2018!
Mar2019
Mar2019!
Mar2020
Mar2020!
Mar2021
Mar2021!
Mar2022
Mar2022!
Mar2023
Mar2023!
Mar2024
Mar2024!
Mar2025
Mar2025!
Mar2026
Mar2026!
Mar2027
Mar2027!
Mar@2015
Mar@2016
Mar@2017
Mar@2018
Mar@2019
Mar@2020
Mar@2021
Mar@2022
Mar@2023
Mar@2024
Mar@2025
Mar@2026
Mar@2027
March2015
March2015!
March2016
March2016!
March2017
March2017!
March2018
March2018!
March2019
March2019!
March2020
March2020!
March2021
March2021!
March2022
March2022!
March2023
March2023!
March2024
March2024!
March2025
March2025!
March2026
March2026!
March2027
March2027!
March@2015
March@2016
March@2017
March@2018
March@2019
March@2020
March@2021
March@2022
March@2023
March@2024
March@2025
March@2026
March@2027
Margaret
Margaret!
Margaret1
Margaret12
Margaret123
Margaret123!
Margaret1234
Margaret2024
Margaret2025
Margaret2026
Maria
Maria!
Maria1
Maria12
Maria123
Maria123!
Maria1234
Maria2024
Maria2025
Maria2026
Marie
Marie!
Marie1
Marie12
Marie123
Marie123!
Marie1234
Marie2024
Marie2025
Marie2026
Mark
Mark!
Mark1
Mark12
Mark123
Mark123!
Mark1234
Mark2024
Mark2025
Mark2026
Martha
Martha!
Martha1
Martha12
Martha123
Martha123!
Martha1234
Martha2024
Martha2025
Martha2026
Martin
Martin!
Martin!!
Martin!!!
Martin!@#
Martin#1
Martin$
Martin0
Martin00
Martin007
Martin01
Martin01!
Martin02
Martin1
Martin1!
Martin12
Martin123
Martin123!
Martin1234
Martin1234!
Martin12345
Martin123456
Martin2
Martin2020
Martin2020!
Martin2021
Martin2021!
Martin2022
Martin2022!
Martin2023
Martin2023!
Martin2024
Martin2024!
Martin2025
Martin2025!
Martin2026
Martin2026!
Martin22
Martin3
Martin33
Martin4
Martin5
Martin6
Martin7
Martin8
Martin9
Martin99
Martin99!
Martin??
Martin@
Martin@123
Marvin
Marvin!
Marvin!!
Marvin!!!
Marvin!@#
Marvin#1
Marvin$
Marvin0
Marvin00
Marvin007
Marvin01
Marvin01!
Marvin02
Marvin1
Marvin1!
Marvin12
Marvin123
Marvin123!
Marvin1234
Marvin1234!
Marvin12345
Marvin123456
Marvin2
Marvin2020
Marvin2020!
Marvin2021
Marvin2021!
Marvin2022
Marvin2022!
Marvin2023
Marvin2023!
Marvin2024
Marvin2024!
Marvin2025
Marvin2025!
Marvin2026
Marvin2026!
Marvin22
Marvin3
Marvin33
Marvin4
Marvin5
Marvin6
Marvin7
Marvin8
Marvin9
Marvin99
Marvin99!
Marvin??
Marvin@
Marvin@123
Mary
Mary!
Mary1
Mary12
Mary123
Mary123!
Mary1234
Mary2024
Mary2025
Mary2026
Master
Master!
Master!!
Master!!!
Master!@#
Master#1
Master$
Master0
Master00
Master007
Master01
Master01!
Master02
Master1
Master1!
Master12
Master123
Master123!
Master1234
Master1234!
Master12345
Master123456
Master2
Master2020
Master2020!
Master2021
Master2021!
Master2022
Master2022!
Master2023
Master2023!
Master2024
Master2024!
Master2025
Master2025!
Master2026
Master2026!
Master22
Master3
Master33
Master4
Master5
Master6
Master7
Master8
Master9
Master99
Master99!
Master??
Master@
Master@123
Matrix
Matrix!
Matrix!!
Matrix!!!
Matrix!@#
Matrix#1
Matrix$
Matrix0
Matrix00
Matrix007
Matrix01
Matrix01!
Matrix02
Matrix1
Matrix1!
Matrix12
Matrix123
Matrix123!
Matrix1234
Matrix1234!
Matrix12345
Matrix123456
Matrix2
Matrix2020
Matrix2020!
Matrix2021
Matrix2021!
Matrix2022
Matrix2022!
Matrix2023
Matrix2023!
Matrix2024
Matrix2024!
Matrix2025
Matrix2025!
Matrix2026
Matrix2026!
Matrix22
Matrix3
Matrix33
Matrix4
Matrix5
Matrix6
Matrix7
Matrix8
Matrix9
Matrix99
Matrix99!
Matrix??
Matrix@
Matrix@123
Matthew
Matthew!
Matthew1
Matthew12
Matthew123
Matthew123!
Matthew1234
Matthew2024
Matthew2025
Matthew2026
May2015
May2015!
May2016
May2016!
May2017
May2017!
May2018
May2018!
May2019
May2019!
May2020
May2020!
May2021
May2021!
May2022
May2022!
May2023
May2023!
May2024
May2024!
May2025
May2025!
May2026
May2026!
May2027
May2027!
May@2015
May@2016
May@2017
May@2018
May@2019
May@2020
May@2021
May@2022
May@2023
May@2024
May@2025
May@2026
May@2027
Melissa
Melissa!
Melissa1
Melissa12
Melissa123
Melissa123!
Melissa1234
Melissa2024
Melissa2025
Melissa2026
Member
Member!
Member!!
Member!!!
Member!@#
Member#1
Member$
Member0
Member00
Member007
Member01
Member01!
Member02
Member1
Member1!
Member12
Member123
Member123!
Member1234
Member1234!
Member12345
Member123456
Member2
Member2020
Member2020!
Member2021
Member2021!
Member2022
Member2022!
Member2023
Member2023!
Member2024
Member2024!
Member2025
Member2025!
Member2026
Member2026!
Member22
Member3
Member33
Member4
Member5
Member6
Member7
Member8
Member9
Member99
Member99!
Member??
Member@
Member@123
Mercedes
Mercedes!
Mercedes!!
Mercedes!!!
Mercedes!@#
Mercedes#1
Mercedes$
Mercedes0
Mercedes00
Mercedes007
Mercedes01
Mercedes01!
Mercedes02
Mercedes1
Mercedes1!
Mercedes12
Mercedes123
Mercedes123!
Mercedes1234
Mercedes1234!
Mercedes12345
Mercedes123456
Mercedes2
Mercedes2020
Mercedes2020!
Mercedes2021
Mercedes2021!
Mercedes2022
Mercedes2022!
Mercedes2023
Mercedes2023!
Mercedes2024
Mercedes2024!
Mercedes2025
Mercedes2025!
Mercedes2026
Mercedes2026!
Mercedes22
Mercedes3
Mercedes33
Mercedes4
Mercedes5
Mercedes6
Mercedes7
Mercedes8
Mercedes9
Mercedes99
Mercedes99!
Mercedes??
Mercedes@
Mercedes@123
Michael
Michael!
Michael!!
Michael!!!
Michael!@#
Michael#1
Michael$
Michael0
Michael00
Michael007
Michael01
Michael01!
Michael02
Michael1
Michael1!
Michael12
Michael123
Michael123!
Michael1234
Michael1234!
Michael12345
Michael123456
Michael2
Michael2020
Michael2020!
Michael2021
Michael2021!
Michael2022
Michael2022!
Michael2023
Michael2023!
Michael2024
Michael2024!
Michael2025
Michael2025!
Michael2026
Michael2026!
Michael22
Michael3
Michael33
Michael4
Michael5
Michael6
Michael7
Michael8
Michael9
Michael99
Michael99!
Michael??
Michael@
Michael@123
Michelle
Michelle!
Michelle1
Michelle12
Michelle123
Michelle123!
Michelle1234
Michelle2024
Michelle2025
Michelle2026
Mildred
Mildred!
Mildred1
Mildred12
Mildred123
Mildred123!
Mildred1234
Mildred2024
Mildred2025
Mildred2026
Miller
Miller!
Miller!!
Miller!!!
Miller!@#
Miller#1
Miller$
Miller0
Miller00
Miller007
Miller01
Miller01!
Miller02
Miller1
Miller1!
Miller12
Miller123
Miller123!
Miller1234
Miller1234!
Miller12345
Miller123456
Miller2
Miller2020
Miller2020!
Miller2021
Miller2021!
Miller2022
Miller2022!
Miller2023
Miller2023!
Miller2024
Miller2024!
Miller2025
Miller2025!
Miller2026
Miller2026!
Miller22
Miller3
Miller33
Miller4
Miller5
Miller6
Miller7
Miller8
Miller9
Miller99
Miller99!
Miller??
Miller@
Miller@123
Monkey
Monkey!
Monkey!!
Monkey!!!
Monkey!@#
Monkey#1
Monkey$
Monkey0
Monkey00
Monkey007
Monkey01
Monkey01!
Monkey02
Monkey1
Monkey1!
Monkey12
Monkey123
Monkey123!
Monkey1234
Monkey1234!
Monkey12345
Monkey123456
Monkey2
Monkey2020
Monkey2020!
Monkey2021
Monkey2021!
Monkey2022
Monkey2022!
Monkey2023
Monkey2023!
Monkey2024
Monkey2024!
Monkey2025
Monkey2025!
Monkey2026
Monkey2026!
Monkey22
Monkey3
Monkey33
Monkey4
Monkey5
Monkey6
Monkey7
Monkey8
Monkey9
Monkey99
Monkey99!
Monkey??
Monkey@
Monkey@123
Mustang
Mustang!
Mustang!!
Mustang!!!
Mustang!@#
Mustang#1
Mustang$
Mustang0
Mustang00
Mustang007
Mustang01
Mustang01!
Mustang02
Mustang1
Mustang1!
Mustang12
Mustang123
Mustang123!
Mustang1234
Mustang1234!
Mustang12345
Mustang123456
Mustang2
Mustang2020
Mustang2020!
Mustang2021
Mustang2021!
Mustang2022
Mustang2022!
Mustang2023
Mustang2023!
Mustang2024
Mustang2024!
Mustang2025
Mustang2025!
Mustang2026
Mustang2026!
Mustang22
Mustang3
Mustang33
Mustang4
Mustang5
Mustang6
Mustang7
Mustang8
Mustang9
Mustang99
Mustang99!
Mustang??
Mustang@
Mustang@123
Nancy
Nancy!
Nancy1
Nancy12
Nancy123
Nancy123!
Nancy1234
Nancy2024
Nancy2025
Nancy2026
Network
Network!
Network!!
Network!!!
Network!@#
Network#1
Network$
Network0
Network00
Network007
Network01
Network01!
Network02
Network1
Network1!
Network12
Network123
Network123!
Network1234
Network1234!
Network12345
Network123456
Network2
Network2020
Network2020!
Network2021
Network2021!
Network2022
Network2022!
Network2023
Network2023!
Network2024
Network2024!
Network2025
Network2025!
Network2026
Network2026!
Network22
Network3
Network33
Network4
Network5
Network6
Network7
Network8
Network9
Network99
Network99!
Network??
Network@
Network@123
Nov2015
Nov2015!
Nov2016
Nov2016!
Nov2017
Nov2017!
Nov2018
Nov2018!
Nov2019
Nov2019!
Nov2020
Nov2020!
Nov2021
Nov2021!
Nov2022
Nov2022!
Nov2023
Nov2023!
Nov2024
Nov2024!
Nov2025
Nov2025!
Nov2026
Nov2026!
Nov2027
Nov2027!
Nov@2015
Nov@2016
Nov@2017
Nov@2018
Nov@2019
Nov@2020
Nov@2021
Nov@2022
Nov@2023
Nov@2024
Nov@2025
Nov@2026
Nov@2027
November2015
November2015!
November2016
November2016!
November2017
November2017!
November2018
November2018!
November2019
November2019!
November2020
November2020!
November2021
November2021!
November2022
November2022!
November2023
November2023!
November2024
November2024!
November2025
November2025!
November2026
November2026!
November2027
November2027!
November@2015
November@2016
November@2017
November@2018
November@2019
November@2020
November@2021
November@2022
November@2023
November@2024
November@2025
November@2026
November@2027
Oct2015
Oct2015!
Oct2016
Oct2016!
Oct2017
Oct2017!
Oct2018
Oct2018!
Oct2019
Oct2019!
Oct2020
Oct2020!
Oct2021
Oct2021!
Oct2022
Oct2022!
Oct2023
Oct2023!
Oct2024
Oct2024!
Oct2025
Oct2025!
Oct2026
Oct2026!
Oct2027
Oct2027!
Oct@2015
Oct@2016
Oct@2017
Oct@2018
Oct@2019
Oct@2020
Oct@2021
Oct@2022
Oct@2023
Oct@2024
Oct@2025
Oct@2026
Oct@2027
October2015
October2015!
October2016
October2016!
October2017
October2017!
October2018
October2018!
October2019
October2019!
October2020
October2020!
October2021
October2021!
October2022
October2022!
October2023
October2023!
October2024
October2024!
October2025
October2025!
October2026
October2026!
October2027
October2027!
October@2015
October@2016
October@2017
October@2018
October@2019
October@2020
October@2021
October@2022
October@2023
October@2024
October@2025
October@2026
October@2027
Office
Office!
Office!!
Office!!!
Office!@#
Office#1
Office$
Office0
Office00
Office007
Office01
Office01!
Office02
Office1
Office1!
Office12
Office123
Office123!
Office1234
Office1234!
Office12345
Office123456
Office2
Office2020
Office2020!
Office2021
Office2021!
Office2022
Office2022!
Office2023
Office2023!
Office2024
Office2024!
Office2025
Office2025!
Office2026
Office2026!
Office22
Office3
Office33
Office4
Office5
Office6
Office7
Office8
Office9
Office99
Office99!
Office??
Office@
Office@123
Orange
Orange!
Orange!!
Orange!!!
Orange!@#
Orange#1
Orange$
Orange0
Orange00
Orange007
Orange01
Orange01!
Orange02
Orange1
Orange1!
Orange12
Orange123
Orange123!
Orange1234
Orange1234!
Orange12345
Orange123456
Orange2
Orange2020
Orange2020!
Orange2021
Orange2021!
Orange2022
Orange2022!
Orange2023
Orange2023!
Orange2024
Orange2024!
Orange2025
Orange2025!
Orange2026
Orange2026!
Orange22
Orange3
Orange33
Orange4
Orange5
Orange6
Orange7
Orange8
Orange9
Orange99
Orange99!
Orange??
Orange@
Orange@123
P@$$w0rd
P@$$w0rd!
P@$$w0rd1
P@$$w0rd123
P@ssw0rd123
P@ssw0rd123!
P@ssw0rd1231
P@ssw0rd123123
Pamela
Pamela!
Pamela1
Pamela12
Pamela123
Pamela123!
Pamela1234
Pamela2024
Pamela2025
Pamela2026
Panther
Panther!
Panther!!
Panther!!!
Panther!@#
Panther#1
Panther$
Panther0
Panther00
Panther007
Panther01
Panther01!
Panther02
Panther1
Panther1!
Panther12
Panther123
Panther123!
Panther1234
Panther1234!
Panther12345
Panther123456
Panther2
Panther2020
Panther2020!
Panther2021
Panther2021!
Panther2022
Panther2022!
Panther2023
Panther2023!
Panther2024
Panther2024!
Panther2025
Panther2025!
Panther2026
Panther2026!
Panther22
Panther3
Panther33
Panther4
Panther5
Panther6
Panther7
Panther8
Panther9
Panther99
Panther99!
Panther??
Panther@
Panther@123
Password
Password!
Password!!
Password!!!
Password!@#
Password#1
Password$
Password0
Password00
Password007
Password01!
Password02
Password12
Password123
Password123!
Password1234
Password1234!
Password12345
Password123456
Password2
Password2020
Password2020!
Password2021
Password2021!
Password2022
Password2022!
Password2023
Password2023!
Password2024!
Password2025!
Password2026!
Password22
Password3
Password33
Password4
Password5
Password6
Password7
Password8
Password9
Password99
Password99!
Password??
Password@
Patricia
Patricia!
Patricia1
Patricia12
Patricia123
Patricia123!
Patricia1234
Patricia2024
Patricia2025
Patricia2026
Paul
Paul!
Paul1
Paul12
Paul123
Paul123!
Paul1234
Paul2024
Paul2025
Paul2026
Pepper
Pepper!
Pepper!!
Pepper!!!
Pepper!@#
Pepper#1
Pepper$
Pepper0
Pepper00
Pepper007
Pepper01
Pepper01!
Pepper02
Pepper1
Pepper1!
Pepper12
Pepper123
Pepper123!
Pepper1234
Pepper1234!
Pepper12345
Pepper123456
Pepper2
Pepper2020
Pepper2020!
Pepper2021
Pepper2021!
Pepper2022
Pepper2022!
Pepper2023
Pepper2023!
Pepper2024
Pepper2024!
Pepper2025
Pepper2025!
Pepper2026
Pepper2026!
Pepper22
Pepper3
Pepper33
Pepper4
Pepper5
Pepper6
Pepper7
Pepper8
Pepper9
Pepper99
Pepper99!
Pepper??
Pepper@
Pepper@123
Porter
Porter!
Porter!!
Porter!!!
Porter!@#
Porter#1
Porter$
Porter0
Porter00
Porter007
Porter01
Porter01!
Porter02
Porter1
Porter1!
Porter12
Porter123
Porter123!
Porter1234
Porter1234!
Porter12345
Porter123456
Porter2
Porter2020
Porter2020!
Porter2021
Porter2021!
Porter2022
Porter2022!
Porter2023
Porter2023!
Porter2024
Porter2024!
Porter2025
Porter2025!
Porter2026
Porter2026!
Porter22
Porter3
Porter33
Porter4
Porter5
Porter6
Porter7
Porter8
Porter9
Porter99
Porter99!
Porter??
Porter@
Porter@123
Princess
Princess!
Princess!!
Princess!!!
Princess!@#
Princess#1
Princess$
Princess0
Princess00
Princess007
Princess01
Princess01!
Princess02
Princess1
Princess1!
Princess12
Princess123
Princess123!
Princess1234
Princess1234!
Princess12345
Princess123456
Princess2
Princess2020
Princess2020!
Princess2021
Princess2021!
Princess2022
Princess2022!
Princess2023
Princess2023!
Princess2024
Princess2024!
Princess2025
Princess2025!
Princess2026
Princess2026!
Princess22
Princess3
Princess33
Princess4
Princess5
Princess6
Princess7
Princess8
Princess9
Princess99
Princess99!
Princess??
Princess@
Princess@123
Purple
Purple!
Purple!!
Purple!!!
Purple!@#
Purple#1
Purple$
Purple0
Purple00
Purple007
Purple01
Purple01!
Purple02
Purple1
Purple1!
Purple12
Purple123
Purple123!
Purple1234
Purple1234!
Purple12345
Purple123456
Purple2
Purple2020
Purple2020!
Purple2021
Purple2021!
Purple2022
Purple2022!
Purple2023
Purple2023!
Purple2024
Purple2024!
Purple2025
Purple2025!
Purple2026
Purple2026!
Purple22
Purple3
Purple33
Purple4
Purple5
Purple6
Purple7
Purple8
Purple9
Purple99
Purple99!
Purple??
Purple@
Purple@123
Rangers
Rangers!
Rangers!!
Rangers!!!
Rangers!@#
Rangers#1
Rangers$
Rangers0
Rangers00
Rangers007
Rangers01
Rangers01!
Rangers02
Rangers1
Rangers1!
Rangers12
Rangers123
Rangers123!
Rangers1234
Rangers1234!
Rangers12345
Rangers123456
Rangers2
Rangers2020
Rangers2020!
Rangers2021
Rangers2021!
Rangers2022
Rangers2022!
Rangers2023
Rangers2023!
Rangers2024
Rangers2024!
Rangers2025
Rangers2025!
Rangers2026
Rangers2026!
Rangers22
Rangers3
Rangers33
Rangers4
Rangers5
Rangers6
Rangers7
Rangers8
Rangers9
Rangers99
Rangers99!
Rangers??
Rangers@
Rangers@123
Raymond
Raymond!
Raymond1
Raymond12
Raymond123
Raymond123!
Raymond1234
Raymond2024
Raymond2025
Raymond2026
Rebecca
Rebecca!
Rebecca1
Rebecca12
Rebecca123
Rebecca123!
Rebecca1234
Rebecca2024
Rebecca2025
Rebecca2026
Richard
Richard!
Richard1
Richard12
Richard123
Richard123!
Richard1234
Richard2024
Richard2025
Richard2026
Robert
Robert!
Robert!!
Robert!!!
Robert!@#
Robert#1
Robert$
Robert0
Robert00
Robert007
Robert01
Robert01!
Robert02
Robert1
Robert1!
Robert12
Robert123
Robert123!
Robert1234
Robert1234!
Robert12345
Robert123456
Robert2
Robert2020
Robert2020!
Robert2021
Robert2021!
Robert2022
Robert2022!
Robert2023
Robert2023!
Robert2024
Robert2024!
Robert2025
Robert2025!
Robert2026
Robert2026!
Robert22
Robert3
Robert33
Robert4
Robert5
Robert6
Robert7
Robert8
Robert9
Robert99
Robert99!
Robert??
Robert@
Robert@123
Ronald
Ronald!
Ronald1
Ronald12
Ronald123
Ronald123!
Ronald1234
Ronald2024
Ronald2025
Ronald2026
Ruth
Ruth!
Ruth1
Ruth12
Ruth123
Ruth123!
Ruth1234
Ruth2024
Ruth2025
Ruth2026
Samuel
Samuel!
Samuel!!
Samuel!!!
Samuel!@#
Samuel#1
Samuel$
Samuel0
Samuel00
Samuel007
Samuel01
Samuel01!
Samuel02
Samuel1
Samuel1!
Samuel12
Samuel123
Samuel123!
Samuel1234
Samuel1234!
Samuel12345
Samuel123456
Samuel2
Samuel2020
Samuel2020!
Samuel2021
Samuel2021!
Samuel2022
Samuel2022!
Samuel2023
Samuel2023!
Samuel2024
Samuel2024!
Samuel2025
Samuel2025!
Samuel2026
Samuel2026!
Samuel22
Samuel3
Samuel33
Samuel4
Samuel5
Samuel6
Samuel7
Samuel8
Samuel9
Samuel99
Samuel99!
Samuel??
Samuel@
Samuel@123
Sandra
Sandra!
Sandra1
Sandra12
Sandra123
Sandra123!
Sandra1234
Sandra2024
Sandra2025
Sandra2026
Sarah
Sarah!
Sarah1
Sarah12
Sarah123
Sarah123!
Sarah1234
Sarah2024
Sarah2025
Sarah2026
Scott
Scott!
Scott1
Scott12
Scott123
Scott123!
Scott1234
Scott2024
Scott2025
Scott2026
Secret
Secret!
Secret!!
Secret!!!
Secret!@#
Secret#1
Secret$
Secret0
Secret00
Secret007
Secret01
Secret01!
Secret02
Secret1
Secret1!
Secret12
Secret123
Secret123!
Secret1234
Secret1234!
Secret12345
Secret123456
Secret2
Secret2020
Secret2020!
Secret2021
Secret2021!
Secret2022
Secret2022!
Secret2023
Secret2023!
Secret2024
Secret2024!
Secret2025
Secret2025!
Secret2026
Secret2026!
Secret22
Secret3
Secret33
Secret4
Secret5
Secret6
Secret7
Secret8
Secret9
Secret99
Secret99!
Secret??
Secret@
Secret@123
Security
Security!
Security!!
Security!!!
Security!@#
Security#1
Security$
Security0
Security00
Security007
Security01
Security01!
Security02
Security1
Security1!
Security12
Security123
Security123!
Security1234
Security1234!
Security12345
Security123456
Security2
Security2020
Security2020!
Security2021
Security2021!
Security2022
Security2022!
Security2023
Security2023!
Security2024
Security2024!
Security2025
Security2025!
Security2026
Security2026!
Security22
Security3
Security33
Security4
Security5
Security6
Security7
Security8
Security9
Security99
Security99!
Security??
Security@
Security@123
Sep2015
Sep2015!
Sep2016
Sep2016!
Sep2017
Sep2017!
Sep2018
Sep2018!
Sep2019
Sep2019!
Sep2020
Sep2020!
Sep2021
Sep2021!
Sep2022
Sep2022!
Sep2023
Sep2023!
Sep2024
Sep2024!
Sep2025
Sep2025!
Sep2026
Sep2026!
Sep2027
Sep2027!
Sep@2015
Sep@2016
Sep@2017
Sep@2018
Sep@2019
Sep@2020
Sep@2021
Sep@2022
Sep@2023
Sep@2024
Sep@2025
Sep@2026
Sep@2027
September2015
September2015!
September2016
September2016!
September2017
September2017!
September2018
September2018!
September2019
September2019!
September2020
September2020!
September2021
September2021!
September2022
September2022!
September2023
September2023!
September2024
September2024!
September2025
September2025!
September2026
September2026!
September2027
September2027!
September@2015
September@2016
September@2017
September@2018
September@2019
September@2020
September@2021
September@2022
September@2023
September@2024
September@2025
September@2026
September@2027
Server
Server!
Server!!
Server!!!
Server!@#
Server#1
Server$
Server0
Server00
Server007
Server01
Server01!
Server02
Server1
Server1!
Server12
Server123
Server123!
Server1234
Server1234!
Server12345
Server123456
Server2
Server2020
Server2020!
Server2021
Server2021!
Server2022
Server2022!
Server2023
Server2023!
Server2024
Server2024!
Server2025
Server2025!
Server2026
Server2026!
Server22
Server3
Server33
Server4
Server5
Server6
Server7
Server8
Server9
Server99
Server99!
Server??
Server@
Server@123
Service
Service!
Service!!
Service!!!
Service!@#
Service#1
Service$
Service0
Service00
Service007
Service01
Service01!
Service02
Service1
Service1!
Service12
Service123
Service123!
Service1234
Service1234!
Service12345
Service123456
Service2
Service2020
Service2020!
Service2021
Service2021!
Service2022
Service2022!
Service2023
Service2023!
Service2024
Service2024!
Service2025
Service2025!
Service2026
Service2026!
Service22
Service3
Service33
Service4
Service5
Service6
Service7
Service8
Service9
Service99
Service99!
Service??
Service@
Service@123
Shadow
Shadow!
Shadow!!
Shadow!!!
Shadow!@#
Shadow#1
Shadow$
Shadow0
Shadow00
Shadow007
Shadow01
Shadow01!
Shadow02
Shadow1
Shadow1!
Shadow12
Shadow123
Shadow123!
Shadow1234
Shadow1234!
Shadow12345
Shadow123456
Shadow2
Shadow2020
Shadow2020!
Shadow2021
Shadow2021!
Shadow2022
Shadow2022!
Shadow2023
Shadow2023!
Shadow2024
Shadow2024!
Shadow2025
Shadow2025!
Shadow2026
Shadow2026!
Shadow22
Shadow3
Shadow33
Shadow4
Shadow5
Shadow6
Shadow7
Shadow8
Shadow9
Shadow99
Shadow99!
Shadow??
Shadow@
Shadow@123
Sharon
Sharon!
Sharon1
Sharon12
Sharon123
Sharon123!
Sharon1234
Sharon2024
Sharon2025
Sharon2026
Shirley
Shirley!
Shirley1
Shirley12
Shirley123
Shirley123!
Shirley1234
Shirley2024
Shirley2025
Shirley2026
Silver
Silver!
Silver!!
Silver!!!
Silver!@#
Silver#1
Silver$
Silver0
Silver00
Silver007
Silver01
Silver01!
Silver02
Silver1
Silver1!
Silver12
Silver123
Silver123!
Silver1234
Silver1234!
Silver12345
Silver123456
Silver2
Silver2020
Silver2020!
Silver2021
Silver2021!
Silver2022
Silver2022!
Silver2023
Silver2023!
Silver2024
Silver2024!
Silver2025
Silver2025!
Silver2026
Silver2026!
Silver22
Silver3
Silver33
Silver4
Silver5
Silver6
Silver7
Silver8
Silver9
Silver99
Silver99!
Silver??
Silver@
Silver@123
Soccer
Soccer!
Soccer!!
Soccer!!!
Soccer!@#
Soccer#1
Soccer$
Soccer0
Soccer00
Soccer007
Soccer01
Soccer01!
Soccer02
Soccer1
Soccer1!
Soccer12
Soccer123
Soccer123!
Soccer1234
Soccer1234!
Soccer12345
Soccer123456
Soccer2
Soccer2020
Soccer2020!
Soccer2021
Soccer2021!
Soccer2022
Soccer2022!
Soccer2023
Soccer2023!
Soccer2024
Soccer2024!
Soccer2025
Soccer2025!
Soccer2026
Soccer2026!
Soccer22
Soccer3
Soccer33
Soccer4
Soccer5
Soccer6
Soccer7
Soccer8
Soccer9
Soccer99
Soccer99!
Soccer??
Soccer@
Soccer@123
Spiderman
Spiderman!
Spiderman!!
Spiderman!!!
Spiderman!@#
Spiderman#1
Spiderman$
Spiderman0
Spiderman00
Spiderman007
Spiderman01
Spiderman01!
Spiderman02
Spiderman1
Spiderman1!
Spiderman12
Spiderman123
Spiderman123!
Spiderman1234
Spiderman1234!
Spiderman12345
Spiderman123456
Spiderman2
Spiderman2020
Spiderman2020!
Spiderman2021
Spiderman2021!
Spiderman2022
Spiderman2022!
Spiderman2023
Spiderman2023!
Spiderman2024
Spiderman2024!
Spiderman2025
Spiderman2025!
Spiderman2026
Spiderman2026!
Spiderman22
Spiderman3
Spiderman33
Spiderman4
Spiderman5
Spiderman6
Spiderman7
Spiderman8
Spiderman9
Spiderman99
Spiderman99!
Spiderman??
Spiderman@
Spiderman@123
Spring
Spring!
Spring!!
Spring!!!
Spring!@#
Spring#1
Spring$
Spring0
Spring00
Spring007
Spring01
Spring01!
Spring02
Spring1
Spring1!
Spring12
Spring123
Spring123!
Spring1234
Spring1234!
Spring12345
Spring123456
Spring2
Spring2015
Spring2015!
Spring2016
Spring2016!
Spring2017
Spring2017!
Spring2018
Spring2018!
Spring2019
Spring2019!
Spring2020
Spring2020!
Spring2021
Spring2021!
Spring2022
Spring2022!
Spring2023
Spring2023!
Spring2024
Spring2025
Spring2026
Spring2026!
Spring2027
Spring2027!
Spring22
Spring3
Spring33
Spring4
Spring5
Spring6
Spring7
Spring8
Spring9
Spring99
Spring99!
Spring??
Spring@
Spring@123
Spring@2015
Spring@2016
Spring@2017
Spring@2018
Spring@2019
Spring@2020
Spring@2021
Spring@2022
Spring@2023
Spring@2024
Spring@2025
Spring@2026
Spring@2027
Stella
Stella!
Stella!!
Stella!!!
Stella!@#
Stella#1
Stella$
Stella0
Stella00
Stella007
Stella01
Stella01!
Stella02
Stella1
Stella1!
Stella12
Stella123
Stella123!
Stella1234
Stella1234!
Stella12345
Stella123456
Stella2
Stella2020
Stella2020!
Stella2021
Stella2021!
Stella2022
Stella2022!
Stella2023
Stella2023!
Stella2024
Stella2024!
Stella2025
Stella2025!
Stella2026
Stella2026!
Stella22
Stella3
Stella33
Stella4
Stella5
Stella6
Stella7
Stella8
Stella9
Stella99
Stella99!
Stella??
Stella@
Stella@123
Stephanie
Stephanie!
Stephanie1
Stephanie12
Stephanie123
Stephanie123!
Stephanie1234
Stephanie2024
Stephanie2025
Stephanie2026
Stephen
Stephen!
Stephen1
Stephen12
Stephen123
Stephen123!
Stephen1234
Stephen2024
Stephen2025
Stephen2026
Steven
Steven!
Steven1
Steven12
Steven123
Steven123!
Steven1234
Steven2024
Steven2025
Steven2026
Student
Student!
Student!!
Student!!!
Student!@#
Student#1
Student$
Student0
Student00
Student007
Student01
Student01!
Student02
Student1
Student1!
Student12
Student123
Student123!
Student1234
Student1234!
Student12345
Student123456
Student2
Student2020
Student2020!
Student2021
Student2021!
Student2022
Student2022!
Student2023
Student2023!
Student2024
Student2024!
Student2025
Student2025!
Student2026
Student2026!
Student22
Student3
Student33
Student4
Student5
Student6
Student7
Student8
Student9
Student99
Student99!
Student??
Student@
Student@123
Summer
Summer!
Summer!!
Summer!!!
Summer!@#
Summer#1
Summer$
Summer0
Summer00
Summer007
Summer01
Summer01!
Summer02
Summer1
Summer1!
Summer12
Summer123
Summer123!
Summer1234
Summer1234!
Summer12345
Summer123456
Summer2
Summer2015
Summer2015!
Summer2016
Summer2016!
Summer2017
Summer2017!
Summer2018
Summer2018!
Summer2019
Summer2019!
Summer2020
Summer2020!
Summer2021
Summer2021!
Summer2022
Summer2022!
Summer2023
Summer2023!
Summer2024
Summer2025
Summer2026
Summer2027
Summer2027!
Summer22
Summer3
Summer33
Summer4
Summer5
Summer6
Summer7
Summer8
Summer9
Summer99
Summer99!
Summer??
Summer@
Summer@123
Summer@2015
Summer@2016
Summer@2017
Summer@2018
Summer@2019
Summer@2020
Summer@2021
Summer@2022
Summer@2023
Summer@2024
Summer@2025
Summer@2026
Summer@2027
Sunset
Sunset!
Sunset!!
Sunset!!!
Sunset!@#
Sunset#1
Sunset$
Sunset0
Sunset00
Sunset007
Sunset01
Sunset01!
Sunset02
Sunset1
Sunset1!
Sunset12
Sunset123
Sunset123!
Sunset1234
Sunset1234!
Sunset12345
Sunset123456
Sunset2
Sunset2020
Sunset2020!
Sunset2021
Sunset2021!
Sunset2022
Sunset2022!
Sunset2023
Sunset2023!
Sunset2024
Sunset2024!
Sunset2025
Sunset2025!
Sunset2026
Sunset2026!
Sunset22
Sunset3
Sunset33
Sunset4
Sunset5
Sunset6
Sunset7
Sunset8
Sunset9
Sunset99
Sunset99!
Sunset??
Sunset@
Sunset@123
Sunshine
Sunshine!
Sunshine!!
Sunshine!!!
Sunshine!@#
Sunshine#1
Sunshine$
Sunshine0
Sunshine00
Sunshine007
Sunshine01
Sunshine01!
Sunshine02
Sunshine1
Sunshine1!
Sunshine12
Sunshine123
Sunshine123!
Sunshine1234
Sunshine1234!
Sunshine12345
Sunshine123456
Sunshine2
Sunshine2020
Sunshine2020!
Sunshine2021
Sunshine2021!
Sunshine2022
Sunshine2022!
Sunshine2023
Sunshine2023!
Sunshine2024
Sunshine2024!
Sunshine2025
Sunshine2025!
Sunshine2026
Sunshine2026!
Sunshine22
Sunshine3
Sunshine33
Sunshine4
Sunshine5
Sunshine6
Sunshine7
Sunshine8
Sunshine9
Sunshine99
Sunshine99!
Sunshine??
Sunshine@
Sunshine@123
Superman
Superman!
Superman!!
Superman!!!
Superman!@#
Superman#1
Superman$
Superman0
Superman00
Superman007
Superman01
Superman01!
Superman02
Superman1
Superman1!
Superman12
Superman123
Superman123!
Superman1234
Superman1234!
Superman12345
Superman123456
Superman2
Superman2020
Superman2020!
Superman2021
Superman2021!
Superman2022
Superman2022!
Superman2023
Superman2023!
Superman2024
Superman2024!
Superman2025
Superman2025!
Superman2026
Superman2026!
Superman22
Superman3
Superman33
Superman4
Superman5
Superman6
Superman7
Superman8
Superman9
Superman99
Superman99!
Superman??
Superman@
Superman@123
Support
Support!
Support!!
Support!!!
Support!@#
Support#1
Support$
Support0
Support00
Support007
Support01
Support01!
Support02
Support1
Support1!
Support12
Support123
Support123!
Support1234
Support1234!
Support12345
Support123456
Support2
Support2020
Support2020!
Support2021
Support2021!
Support2022
Support2022!
Support2023
Support2023!
Support2024
Support2024!
Support2025
Support2025!
Support2026
Support2026!
Support22
Support3
Support33
Support4
Support5
Support6
Support7
Support8
Support9
Support99
Support99!
Support??
Support@
Support@123
Susan
Susan!
Susan1
Susan12
Susan123
Susan123!
Susan1234
Susan2024
Susan2025
Susan2026
System
System!
System!!
System!!!
System!@#
System#1
System$
System0
System00
System007
System01
System01!
System02
System1
System1!
System12
System123
System123!
System1234
System1234!
System12345
System123456
System2
System2020
System2020!
System2021
System2021!
System2022
System2022!
System2023
System2023!
System2024
System2024!
System2025
System2025!
System2026
System2026!
System22
System3
System33
System4
System5
System6
System7
System8
System9
System99
System99!
System??
System@
System@123
Teresa
Teresa!
Teresa1
Teresa12
Teresa123
Teresa123!
Teresa1234
Teresa2024
Teresa2025
Teresa2026
Testing
Testing!
Testing!!
Testing!!!
Testing!@#
Testing#1
Testing$
Testing0
Testing00
Testing007
Testing01
Testing01!
Testing02
Testing1
Testing1!
Testing12
Testing123
Testing123!
Testing1234
Testing1234!
Testing12345
Testing123456
Testing2
Testing2020
Testing2020!
Testing2021
Testing2021!
Testing2022
Testing2022!
Testing2023
Testing2023!
Testing2024
Testing2024!
Testing2025
Testing2025!
Testing2026
Testing2026!
Testing22
Testing3
Testing33
Testing4
Testing5
Testing6
Testing7
Testing8
Testing9
Testing99
Testing99!
Testing??
Testing@
Testing@123
Thomas
Thomas!
Thomas!!
Thomas!!!
Thomas!@#
Thomas#1
Thomas$
Thomas0
Thomas00
Thomas007
Thomas01
Thomas01!
Thomas02
Thomas1
Thomas1!
Thomas12
Thomas123
Thomas123!
Thomas1234
Thomas1234!
Thomas12345
Thomas123456
Thomas2
Thomas2020
Thomas2020!
Thomas2021
Thomas2021!
Thomas2022
Thomas2022!
Thomas2023
Thomas2023!
Thomas2024
Thomas2024!
Thomas2025
Thomas2025!
Thomas2026
Thomas2026!
Thomas22
Thomas3
Thomas33
Thomas4
Thomas5
Thomas6
Thomas7
Thomas8
Thomas9
Thomas99
Thomas99!
Thomas??
Thomas@
Thomas@123
Thunder
Thunder!
Thunder!!
Thunder!!!
Thunder!@#
Thunder#1
Thunder$
Thunder0
Thunder00
Thunder007
Thunder01
Thunder01!
Thunder02
Thunder1
Thunder1!
Thunder12
Thunder123
Thunder123!
Thunder1234
Thunder1234!
Thunder12345
Thunder123456
Thunder2
Thunder2020
Thunder2020!
Thunder2021
Thunder2021!
Thunder2022
Thunder2022!
Thunder2023
Thunder2023!
Thunder2024
Thunder2024!
Thunder2025
Thunder2025!
Thunder2026
Thunder2026!
Thunder22
Thunder3
Thunder33
Thunder4
Thunder5
Thunder6
Thunder7
Thunder8
Thunder9
Thunder99
Thunder99!
Thunder??
Thunder@
Thunder@123
Timber
Timber!
Timber!!
Timber!!!
Timber!@#
Timber#1
Timber$
Timber0
Timber00
Timber007
Timber01
Timber01!
Timber02
Timber1
Timber1!
Timber12
Timber123
Timber123!
Timber1234
Timber1234!
Timber12345
Timber123456
Timber2
Timber2020
Timber2020!
Timber2021
Timber2021!
Timber2022
Timber2022!
Timber2023
Timber2023!
Timber2024
Timber2024!
Timber2025
Timber2025!
Timber2026
Timber2026!
Timber22
Timber3
Timber33
Timber4
Timber5
Timber6
Timber7
Timber8
Timber9
Timber99
Timber99!
Timber??
Timber@
Timber@123
Timothy
Timothy!
Timothy1
Timothy12
Timothy123
Timothy123!
Timothy1234
Timothy2024
Timothy2025
Timothy2026
Trouble
Trouble!
Trouble!!
Trouble!!!
Trouble!@#
Trouble#1
Trouble$
Trouble0
Trouble00
Trouble007
Trouble01
Trouble01!
Trouble02
Trouble1
Trouble1!
Trouble12
Trouble123
Trouble123!
Trouble1234
Trouble1234!
Trouble12345
Trouble123456
Trouble2
Trouble2020
Trouble2020!
Trouble2021
Trouble2021!
Trouble2022
Trouble2022!
Trouble2023
Trouble2023!
Trouble2024
Trouble2024!
Trouble2025
Trouble2025!
Trouble2026
Trouble2026!
Trouble22
Trouble3
Trouble33
Trouble4
Trouble5
Trouble6
Trouble7
Trouble8
Trouble9
Trouble99
Trouble99!
Trouble??
Trouble@
Trouble@123
Trustno1
Trustno1!
Trustno1!!
Trustno1!!!
Trustno1!@#
Trustno1#1
Trustno1$
Trustno10
Trustno100
Trustno1007
Trustno101
Trustno101!
Trustno102
Trustno11
Trustno11!
Trustno112
Trustno1123
Trustno1123!
Trustno11234
Trustno11234!
Trustno112345
Trustno1123456
Trustno12
Trustno12020
Trustno12020!
Trustno12021
Trustno12021!
Trustno12022
Trustno12022!
Trustno12023
Trustno12023!
Trustno12024
Trustno12024!
Trustno12025
Trustno12025!
Trustno12026
Trustno12026!
Trustno122
Trustno13
Trustno133
Trustno14
Trustno15
Trustno16
Trustno17
Trustno18
Trustno19
Trustno199
Trustno199!
Trustno1??
Trustno1@
Trustno1@123
Virginia
Virginia!
Virginia1
Virginia12
Virginia123
Virginia123!
Virginia1234
Virginia2024
Virginia2025
Virginia2026
Visitor
Visitor!
Visitor!!
Visitor!!!
Visitor!@#
Visitor#1
Visitor$
Visitor0
Visitor00
Visitor007
Visitor01
Visitor01!
Visitor02
Visitor1
Visitor1!
Visitor12
Visitor123
Visitor123!
Visitor1234
Visitor1234!
Visitor12345
Visitor123456
Visitor2
Visitor2020
Visitor2020!
Visitor2021
Visitor2021!
Visitor2022
Visitor2022!
Visitor2023
Visitor2023!
Visitor2024
Visitor2024!
Visitor2025
Visitor2025!
Visitor2026
Visitor2026!
Visitor22
Visitor3
Visitor33
Visitor4
Visitor5
Visitor6
Visitor7
Visitor8
Visitor9
Visitor99
Visitor99!
Visitor??
Visitor@
Visitor@123
Walter
Walter!
Walter!!
Walter!!!
Walter!@#
Walter#1
Walter$
Walter0
Walter00
Walter007
Walter01
Walter01!
Walter02
Walter1
Walter1!
Walter12
Walter123
Walter123!
Walter1234
Walter1234!
Walter12345
Walter123456
Walter2
Walter2020
Walter2020!
Walter2021
Walter2021!
Walter2022
Walter2022!
Walter2023
Walter2023!
Walter2024
Walter2024!
Walter2025
Walter2025!
Walter2026
Walter2026!
Walter22
Walter3
Walter33
Walter4
Walter5
Walter6
Walter7
Walter8
Walter9
Walter99
Walter99!
Walter??
Walter@
Walter@123
Welcome
Welcome!
Welcome!!
Welcome!!!
Welcome!@#
Welcome#1
Welcome$
Welcome0
Welcome00
Welcome007
Welcome01
Welcome01!
Welcome02
Welcome1
Welcome1!
Welcome12
Welcome123
Welcome123!
Welcome1234
Welcome1234!
Welcome12345
Welcome123456
Welcome2
Welcome2020
Welcome2020!
Welcome2021
Welcome2021!
Welcome2022
Welcome2022!
Welcome2023
Welcome2023!
Welcome2024!
Welcome2025!
Welcome2026
Welcome2026!
Welcome22
Welcome3
Welcome33
Welcome4
Welcome5
Welcome6
Welcome7
Welcome8
Welcome9
Welcome99
Welcome99!
Welcome??
Welcome@
Welcome@123
William
William!
William!!
William!!!
William!@#
William#1
William$
William0
William00
William007
William01
William01!
William02
William1
William1!
William12
William123
William123!
William1234
William1234!
William12345
William123456
William2
William2020
William2020!
William2021
William2021!
William2022
William2022!
William2023
William2023!
William2024
William2024!
William2025
William2025!
William2026
William2026!
William22
William3
William33
William4
William5
William6
William7
William8
William9
William99
William99!
William??
William@
William@123
Winner
Winner!
Winner!!
Winner!!!
Winner!@#
Winner#1
Winner$
Winner0
Winner00
Winner007
Winner01
Winner01!
Winner02
Winner1
Winner1!
Winner12
Winner123
Winner123!
Winner1234
Winner1234!
Winner12345
Winner123456
Winner2
Winner2020
Winner2020!
Winner2021
Winner2021!
Winner2022
Winner2022!
Winner2023
Winner2023!
Winner2024
Winner2024!
Winner2025
Winner2025!
Winner2026
Winner2026!
Winner22
Winner3
Winner33
Winner4
Winner5
Winner6
Winner7
Winner8
Winner9
Winner99
Winner99!
Winner??
Winner@
Winner@123
Winter
Winter!
Winter!!
Winter!!!
Winter!@#
Winter#1
Winter$
Winter0
Winter00
Winter007
Winter01
Winter01!
Winter02
Winter1
Winter1!
Winter12
Winter123
Winter123!
Winter1234
Winter1234!
Winter12345
Winter123456
Winter2
Winter2015
Winter2015!
Winter2016
Winter2016!
Winter2017
Winter2017!
Winter2018
Winter2018!
Winter2019
Winter2019!
Winter2020
Winter2020!
Winter2021
Winter2021!
Winter2022
Winter2022!
Winter2023
Winter2023!
Winter2024
Winter2025
Winter2026
Winter2027
Winter2027!
Winter22
Winter3
Winter33
Winter4
Winter5
Winter6
Winter7
Winter8
Winter9
Winter99
Winter99!
Winter??
Winter@
Winter@123
Winter@2015
Winter@2016
Winter@2017
Winter@2018
Winter@2019
Winter@2020
Winter@2021
Winter@2022
Winter@2023
Winter@2024
Winter@2025
Winter@2026
Winter@2027
Yellow
Yellow!
Yellow!!
Yellow!!!
Yellow!@#
Yellow#1
Yellow$
Yellow0
Yellow00
Yellow007
Yellow01
Yellow01!
Yellow02
Yellow1
Yellow1!
Yellow12
Yellow123
Yellow123!
Yellow1234
Yellow1234!
Yellow12345
Yellow123456
Yellow2
Yellow2020
Yellow2020!
Yellow2021
Yellow2021!
Yellow2022
Yellow2022!
Yellow2023
Yellow2023!
Yellow2024
Yellow2024!
Yellow2025
Yellow2025!
Yellow2026
Yellow2026!
Yellow22
Yellow3
Yellow33
Yellow4
Yellow5
Yellow6
Yellow7
Yellow8
Yellow9
Yellow99
Yellow99!
Yellow??
Yellow@
Yellow@123
access!
access!!
access!!!
access!@#
access#1
access$
access0
access00
access007
access01
access01!
access02
access1
access1!
access12
access123
access123!
access1234
access1234!
access12345
access123456
access2
access2020
access2020!
access2021
access2021!
access2022
access2022!
access2023
access2023!
access2024
access2024!
access2025
access2025!
access2026
access2026!
access22
access3
access33
access4
access5
access6
access7
access8
access9
access99
access99!
access??
access@
access@123
admin!
admin!!
admin!!!
admin!@#
admin#1
admin$
admin0
admin00
admin007
admin01
admin01!
admin02
admin1!
admin12
admin1234
admin1234!
admin12345
admin123456
admin2
admin2020
admin2020!
admin2021
admin2021!
admin2022
admin2022!
admin2023
admin2023!
admin2024!
admin2025!
admin2026
admin2026!
admin22
admin3
admin33
admin4
admin5
admin6
admin7
admin8
admin9
admin99
admin99!
admin??
admin@
admin@123
albert!
albert!!
albert!!!
albert!@#
albert#1
albert$
albert0
albert00
albert007
albert01
albert01!
albert02
albert1
albert1!
albert12
albert123
albert123!
albert1234
albert1234!
albert12345
albert123456
albert2
albert2020
albert2020!
albert2021
albert2021!
albert2022
albert2022!
albert2023
albert2023!
albert2024
albert2024!
albert2025
albert2025!
albert2026
albert2026!
albert22
albert3
albert33
albert4
albert5
albert6
albert7
albert8
albert9
albert99
albert99!
albert??
albert@
albert@123
alice
alice!
alice1
alice12
alice123
alice123!
alice1234
alice2024
alice2025
alice2026
amanda!
amanda12
amanda123
amanda123!
amanda1234
amanda2024
amanda2025
amanda2026
amy
amy!
amy1
amy12
amy123
amy123!
amy1234
amy2024
amy2025
amy2026
andrew!
andrew!!
andrew!!!
andrew!@#
andrew#1
andrew$
andrew0
andrew00
andrew007
andrew01
andrew01!
andrew02
andrew1
andrew1!
andrew12
andrew123
andrew123!
andrew1234
andrew1234!
andrew12345
andrew123456
andrew2
andrew2020
andrew2020!
andrew2021
andrew2021!
andrew2022
andrew2022!
andrew2023
andrew2023!
andrew2024
andrew2024!
andrew2025
andrew2025!
andrew2026
andrew2026!
andrew22
andrew3
andrew33
andrew4
andrew5
andrew6
andrew7
andrew8
andrew9
andrew99
andrew99!
andrew??
andrew@
andrew@123
angela!
angela1
angela12
angela123
angela123!
angela1234
angela2024
angela2025
angela2026
ann
ann!
ann1
ann12
ann123
ann123!
ann1234
ann2024
ann2025
ann2026
anna
anna!
anna1
anna12
anna123
anna123!
anna1234
anna2024
anna2025
anna2026
anthony!
anthony!!
anthony!!!
anthony!@#
anthony#1
anthony$
anthony0
anthony00
anthony007
anthony01
anthony01!
anthony02
anthony1
anthony1!
anthony12
anthony123
anthony123!
anthony1234
anthony1234!
anthony12345
anthony123456
anthony2
anthony2020
anthony2020!
anthony2021
anthony2021!
anthony2022
anthony2022!
anthony2023
anthony2023!
anthony2024
anthony2024!
anthony2025
anthony2025!
anthony2026
anthony2026!
anthony22
anthony3
anthony33
anthony4
anthony5
anthony6
anthony7
anthony8
anthony9
anthony99
anthony99!
anthony??
anthony@
anthony@123
apr2015
apr2015!
apr2016
apr2016!
apr2017
apr2017!
apr2018
apr2018!
apr2019
apr2019!
apr2020
apr2020!
apr2021
apr2021!
apr2022
apr2022!
apr2023
apr2023!
apr2024
apr2024!
apr2025
apr2025!
apr2026
apr2026!
apr2027
apr2027!
april2015
april2015!
april2016
april2016!
april2017
april2017!
april2018
april2018!
april2019
april2019!
april2020
april2020!
april2021
april2021!
april2022
april2022!
april2023
april2023!
april2024
april2024!
april2025
april2025!
april2026
april2026!
april2027
april2027!
asdfg
asdfg!
asdfg1
asdfg123
asdfgh
asdfgh!
asdfgh1
asdfgh123
asdfghj
asdfghj!
asdfghj1
asdfghj123
asdfghjkl!
asdfghjkl1
asdfghjkl123
asdfzxcv
asdfzxcv!
asdfzxcv1
asdfzxcv123
aug2015
aug2015!
aug2016
aug2016!
aug2017
aug2017!
aug2018
aug2018!
aug2019
aug2019!
aug2020
aug2020!
aug2021
aug2021!
aug2022
aug2022!
aug2023
aug2023!
aug2024
aug2024!
aug2025
aug2025!
aug2026
aug2026!
aug2027
aug2027!
august2015
august2015!
august2016
august2016!
august2017
august2017!
august2018
august2018!
august2019
august2019!
august2020
august2020!
august2021
august2021!
august2022
august2022!
august2023
august2023!
august2024
august2024!
august2025
august2025!
august2026
august2026!
august2027
august2027!
autumn
autumn!
autumn!!
autumn!!!
autumn!@#
autumn#1
autumn$
autumn0
autumn00
autumn007
autumn01
autumn01!
autumn02
autumn1
autumn1!
autumn12
autumn123
autumn123!
autumn1234
autumn1234!
autumn12345
autumn123456
autumn2
autumn2015
autumn2015!
autumn2016
autumn2016!
autumn2017
autumn2017!
autumn2018
autumn2018!
autumn2019
autumn2019!
autumn2020
autumn2020!
autumn2021
autumn2021!
autumn2022
autumn2022!
autumn2023
autumn2023!
autumn2024
autumn2024!
autumn2025
autumn2025!
autumn2026
autumn2026!
autumn2027
autumn2027!
autumn22
autumn3
autumn33
autumn4
autumn5
autumn6
autumn7
autumn8
autumn9
autumn99
autumn99!
autumn??
autumn@
autumn@123
bailey!
bailey!!
bailey!!!
bailey!@#
bailey#1
bailey$
bailey0
bailey00
bailey007
bailey01
bailey01!
bailey02
bailey1
bailey1!
bailey12
bailey123
bailey123!
bailey1234
bailey1234!
bailey12345
bailey123456
bailey2
bailey2020
bailey2020!
bailey2021
bailey2021!
bailey2022
bailey2022!
bailey2023
bailey2023!
bailey2024
bailey2024!
bailey2025
bailey2025!
bailey2026
bailey2026!
bailey22
bailey3
bailey33
bailey4
bailey5
bailey6
bailey7
bailey8
bailey9
bailey99
bailey99!
bailey??
bailey@
bailey@123
bandit!
bandit!!
bandit!!!
bandit!@#
bandit#1
bandit$
bandit0
bandit00
bandit007
bandit01
bandit01!
bandit02
bandit1
bandit1!
bandit12
bandit123
bandit123!
bandit1234
bandit1234!
bandit12345
bandit123456
bandit2
bandit2020
bandit2020!
bandit2021
bandit2021!
bandit2022
bandit2022!
bandit2023
bandit2023!
bandit2024
bandit2024!
bandit2025
bandit2025!
bandit2026
bandit2026!
bandit22
bandit3
bandit33
bandit4
bandit5
bandit6
bandit7
bandit8
bandit9
bandit99
bandit99!
bandit??
bandit@
bandit@123
barbara
barbara!
barbara1
barbara12
barbara123
barbara123!
barbara1234
barbara2024
barbara2025
barbara2026
barney!
barney!!
barney!!!
barney!@#
barney#1
barney$
barney0
barney00
barney007
barney01
barney01!
barney02
barney1
barney1!
barney12
barney123
barney123!
barney1234
barney1234!
barney12345
barney123456
barney2
barney2020
barney2020!
barney2021
barney2021!
barney2022
barney2022!
barney2023
barney2023!
barney2024
barney2024!
barney2025
barney2025!
barney2026
barney2026!
barney22
barney3
barney33
barney4
barney5
barney6
barney7
barney8
barney9
barney99
barney99!
barney??
barney@
barney@123
baseball!
baseball!!
baseball!!!
baseball!@#
baseball#1
baseball$
baseball0
baseball00
baseball007
baseball01
baseball01!
baseball02
baseball1
baseball1!
baseball12
baseball123
baseball123!
baseball1234
baseball1234!
baseball12345
baseball123456
baseball2
baseball2020
baseball2020!
baseball2021
baseball2021!
baseball2022
baseball2022!
baseball2023
baseball2023!
baseball2024
baseball2024!
baseball2025
baseball2025!
baseball2026
baseball2026!
baseball22
baseball3
baseball33
baseball4
baseball5
baseball6
baseball7
baseball8
baseball9
baseball99
baseball99!
baseball??
baseball@
baseball@123
batman!
batman!!
batman!!!
batman!@#
batman#1
batman$
batman0
batman00
batman007
batman01
batman01!
batman02
batman1
batman1!
batman12
batman123
batman123!
batman1234
batman1234!
batman12345
batman123456
batman2
batman2020
batman2020!
batman2021
batman2021!
batman2022
batman2022!
batman2023
batman2023!
batman2024
batman2024!
batman2025
batman2025!
batman2026
batman2026!
batman22
batman3
batman33
batman4
batman5
batman6
batman7
batman8
batman9
batman99
batman99!
batman??
batman@
batman@123
betty
betty!
betty1
betty12
betty123
betty123!
betty1234
betty2024
betty2025
betty2026
boston!
boston!!
boston!!!
boston!@#
boston#1
boston$
boston0
boston00
boston007
boston01
boston01!
boston02
boston1
boston1!
boston12
boston123
boston123!
boston1234
boston1234!
boston12345
boston123456
boston2
boston2020
boston2020!
boston2021
boston2021!
boston2022
boston2022!
boston2023
boston2023!
boston2024
boston2024!
boston2025
boston2025!
boston2026
boston2026!
boston22
boston3
boston33
boston4
boston5
boston6
boston7
boston8
boston9
boston99
boston99!
boston??
boston@
boston@123
brandy!
brandy!!
brandy!!!
brandy!@#
brandy#1
brandy$
brandy0
brandy00
brandy007
brandy01
brandy01!
brandy02
brandy1
brandy1!
brandy12
brandy123
brandy123!
brandy1234
brandy1234!
brandy12345
brandy123456
brandy2
brandy2020
brandy2020!
brandy2021
brandy2021!
brandy2022
brandy2022!
brandy2023
brandy2023!
brandy2024
brandy2024!
brandy2025
brandy2025!
brandy2026
brandy2026!
brandy22
brandy3
brandy33
brandy4
brandy5
brandy6
brandy7
brandy8
brandy9
brandy99
brandy99!
brandy??
brandy@
brandy@123
brenda
brenda!
brenda1
brenda12
brenda123
brenda123!
brenda1234
brenda2024
brenda2025
brenda2026
brian
brian!
brian1
brian12
brian123
brian123!
brian1234
brian2024
brian2025
brian2026
bullet!
bullet!!
bullet!!!
bullet!@#
bullet#1
bullet$
bullet0
bullet00
bullet007
bullet01
bullet01!
bullet02
bullet1
bullet1!
bullet12
bullet123
bullet123!
bullet1234
bullet1234!
bullet12345
bullet123456
bullet2
bullet2020
bullet2020!
bullet2021
bullet2021!
bullet2022
bullet2022!
bullet2023
bullet2023!
bullet2024
bullet2024!
bullet2025
bullet2025!
bullet2026
bullet2026!
bullet22
bullet3
bullet33
bullet4
bullet5
bullet6
bullet7
bullet8
bullet9
bullet99
bullet99!
bullet??
bullet@
bullet@123
buster!
buster!!
buster!!!
buster!@#
buster#1
buster$
buster0
buster00
buster007
buster01
buster01!
buster02
buster1
buster1!
buster12
buster123
buster123!
buster1234
buster1234!
buster12345
buster123456
buster2
buster2020
buster2020!
buster2021
buster2021!
buster2022
buster2022!
buster2023
buster2023!
buster2024
buster2024!
buster2025
buster2025!
buster2026
buster2026!
buster22
buster3
buster33
buster4
buster5
buster6
buster7
buster8
buster9
buster99
buster99!
buster??
buster@
buster@123
camaro!
camaro!!
camaro!!!
camaro!@#
camaro#1
camaro$
camaro0
camaro00
camaro007
camaro01
camaro01!
camaro02
camaro1
camaro1!
camaro12
camaro123
camaro123!
camaro1234
camaro1234!
camaro12345
camaro123456
camaro2
camaro2020
camaro2020!
camaro2021
camaro2021!
camaro2022
camaro2022!
camaro2023
camaro2023!
camaro2024
camaro2024!
camaro2025
camaro2025!
camaro2026
camaro2026!
camaro22
camaro3
camaro33
camaro4
camaro5
camaro6
camaro7
camaro8
camaro9
camaro99
camaro99!
camaro??
camaro@
camaro@123
captain!
captain!!
captain!!!
captain!@#
captain#1
captain$
captain0
captain00
captain007
captain01
captain01!
captain02
captain1!
captain12
captain123
captain123!
captain1234
captain1234!
captain12345
captain123456
captain2
captain2020
captain2020!
captain2021
captain2021!
captain2022
captain2022!
captain2023
captain2023!
captain2024
captain2024!
captain2025
captain2025!
captain2026
captain2026!
captain22
captain3
captain33
captain4
captain5
captain6
captain7
captain8
captain9
captain99
captain99!
captain??
captain@
captain@123
carol
carol!
carol1
carol12
carol123
carol123!
carol1234
carol2024
carol2025
carol2026
carolyn
carolyn!
carolyn1
carolyn12
carolyn123
carolyn123!
carolyn1234
carolyn2024
carolyn2025
carolyn2026
casper!
casper!!
casper!!!
casper!@#
casper#1
casper$
casper0
casper00
casper007
casper01
casper01!
casper02
casper1
casper1!
casper12
casper123
casper123!
casper1234
casper1234!
casper12345
casper123456
casper2
casper2020
casper2020!
casper2021
casper2021!
casper2022
casper2022!
casper2023
casper2023!
casper2024
casper2024!
casper2025
casper2025!
casper2026
casper2026!
casper22
casper3
casper33
casper4
casper5
casper6
casper7
casper8
casper9
casper99
casper99!
casper??
casper@
casper@123
catherine
catherine!
catherine1
catherine12
catherine123
catherine123!
catherine1234
catherine2024
catherine2025
catherine2026
champion!
champion!!
champion!!!
champion!@#
champion#1
champion$
champion0
champion00
champion007
champion01
champion01!
champion02
champion1
champion1!
champion12
champion123
champion123!
champion1234
champion1234!
champion12345
champion123456
champion2
champion2020
champion2020!
champion2021
champion2021!
champion2022
champion2022!
champion2023
champion2023!
champion2024
champion2024!
champion2025
champion2025!
champion2026
champion2026!
champion22
champion3
champion33
champion4
champion5
champion6
champion7
champion8
champion9
champion99
champion99!
champion??
champion@
champion@123
changeme!
changeme!!
changeme!!!
changeme!@#
changeme#1
changeme$
changeme0
changeme00
changeme007
changeme01
changeme01!
changeme02
changeme1
changeme1!
changeme12
changeme123
changeme123!
changeme1234
changeme1234!
changeme12345
changeme123456
changeme2
changeme2020
changeme2020!
changeme2021
changeme2021!
changeme2022
changeme2022!
changeme2023
changeme2023!
changeme2024
changeme2024!
changeme2025
changeme2025!
changeme2026
changeme2026!
changeme22
changeme3
changeme33
changeme4
changeme5
changeme6
changeme7
changeme8
changeme9
changeme99
changeme99!
changeme??
changeme@
changeme@123
charles
charles!
charles1
charles12
charles123
charles123!
charles1234
charles2024
charles2025
charles2026
charlie!
charlie!!
charlie!!!
charlie!@#
charlie#1
charlie$
charlie0
charlie00
charlie007
charlie01
charlie01!
charlie02
charlie1
charlie1!
charlie12
charlie123
charlie123!
charlie1234
charlie1234!
charlie12345
charlie123456
charlie2
charlie2020
charlie2020!
charlie2021
charlie2021!
charlie2022
charlie2022!
charlie2023
charlie2023!
charlie2024
charlie2024!
charlie2025
charlie2025!
charlie2026
charlie2026!
charlie22
charlie3
charlie33
charlie4
charlie5
charlie6
charlie7
charlie8
charlie9
charlie99
charlie99!
charlie??
charlie@
charlie@123
cheese!
cheese!!
cheese!!!
cheese!@#
cheese#1
cheese$
cheese0
cheese00
cheese007
cheese01
cheese01!
cheese02
cheese1
cheese1!
cheese12
cheese123
cheese123!
cheese1234
cheese1234!
cheese12345
cheese123456
cheese2
cheese2020
cheese2020!
cheese2021
cheese2021!
cheese2022
cheese2022!
cheese2023
cheese2023!
cheese2024
cheese2024!
cheese2025
cheese2025!
cheese2026
cheese2026!
cheese22
cheese3
cheese33
cheese4
cheese5
cheese6
cheese7
cheese8
cheese9
cheese99
cheese99!
cheese??
cheese@
cheese@123
chelsea!
chelsea!!
chelsea!!!
chelsea!@#
chelsea#1
chelsea$
chelsea0
chelsea00
chelsea007
chelsea01
chelsea01!
chelsea02
chelsea1!
chelsea12
chelsea123
chelsea123!
chelsea1234
chelsea1234!
chelsea12345
chelsea123456
chelsea2
chelsea2020
chelsea2020!
chelsea2021
chelsea2021!
chelsea2022
chelsea2022!
chelsea2023
chelsea2023!
chelsea2024
chelsea2024!
chelsea2025
chelsea2025!
chelsea2026
chelsea2026!
chelsea22
chelsea3
chelsea33
chelsea4
chelsea5
chelsea6
chelsea7
chelsea8
chelsea9
chelsea99
chelsea99!
chelsea??
chelsea@
chelsea@123
cheryl
cheryl!
cheryl1
cheryl12
cheryl123
cheryl123!
cheryl1234
cheryl2024
cheryl2025
cheryl2026
christine
christine!
christine1
christine12
christine123
christine123!
christine1234
christine2024
christine2025
christine2026
christopher
christopher!
christopher1
christopher12
christopher123
christopher123!
christopher1234
christopher2024
christopher2025
christopher2026
client
client!
client!!
client!!!
client!@#
client#1
client$
client0
client00
client007
client01
client01!
client02
client1
client1!
client12
client123
client123!
client1234
client1234!
client12345
client123456
client2
client2020
client2020!
client2021
client2021!
client2022
client2022!
client2023
client2023!
client2024
client2024!
client2025
client2025!
client2026
client2026!
client22
client3
client33
client4
client5
client6
client7
client8
client9
client99
client99!
client??
client@
client@123
coffee!
coffee!!
coffee!!!
coffee!@#
coffee#1
coffee$
coffee0
coffee00
coffee007
coffee01
coffee01!
coffee02
coffee1
coffee1!
coffee12
coffee123
coffee123!
coffee1234
coffee1234!
coffee12345
coffee123456
coffee2
coffee2020
coffee2020!
coffee2021
coffee2021!
coffee2022
coffee2022!
coffee2023
coffee2023!
coffee2024
coffee2024!
coffee2025
coffee2025!
coffee2026
coffee2026!
coffee22
coffee3
coffee33
coffee4
coffee5
coffee6
coffee7
coffee8
coffee9
coffee99
coffee99!
coffee??
coffee@
coffee@123
company
company!
company!!
company!!!
company!@#
company#1
company$
company0
company00
company007
company01
company01!
company02
company1
company1!
company12
company123
company123!
company1234
company1234!
company12345
company123456
company2
company2020
company2020!
company2021
company2021!
company2022
company2022!
company2023
company2023!
company2024
company2024!
company2025
company2025!
company2026
company2026!
company22
company3
company33
company4
company5
company6
company7
company8
company9
company99
company99!
company??
company@
company@123
computer!
computer!!
computer!!!
computer!@#
computer#1
computer$
computer0
computer00
computer007
computer01
computer01!
computer02
computer1
computer1!
computer12
computer123
computer123!
computer1234
computer1234!
computer12345
computer123456
computer2
computer2020
computer2020!
computer2021
computer2021!
computer2022
computer2022!
computer2023
computer2023!
computer2024
computer2024!
computer2025
computer2025!
computer2026
computer2026!
computer22
computer3
computer33
computer4
computer5
computer6
computer7
computer8
computer9
computer99
computer99!
computer??
computer@
computer@123
cookie!
cookie!!
cookie!!!
cookie!@#
cookie#1
cookie$
cookie0
cookie00
cookie007
cookie01
cookie01!
cookie02
cookie1
cookie1!
cookie12
cookie123
cookie123!
cookie1234
cookie1234!
cookie12345
cookie123456
cookie2
cookie2020
cookie2020!
cookie2021
cookie2021!
cookie2022
cookie2022!
cookie2023
cookie2023!
cookie2024
cookie2024!
cookie2025
cookie2025!
cookie2026
cookie2026!
cookie22
cookie3
cookie33
cookie4
cookie5
cookie6
cookie7
cookie8
cookie9
cookie99
cookie99!
cookie??
cookie@
cookie@123
cooper!
cooper!!
cooper!!!
cooper!@#
cooper#1
cooper$
cooper0
cooper00
cooper007
cooper01
cooper01!
cooper02
cooper1
cooper1!
cooper12
cooper123
cooper123!
cooper1234
cooper1234!
cooper12345
cooper123456
cooper2
cooper2020
cooper2020!
cooper2021
cooper2021!
cooper2022
cooper2022!
cooper2023
cooper2023!
cooper2024
cooper2024!
cooper2025
cooper2025!
cooper2026
cooper2026!
cooper22
cooper3
cooper33
cooper4
cooper5
cooper6
cooper7
cooper8
cooper9
cooper99
cooper99!
cooper??
cooper@
cooper@123
corrado!
corrado!!
corrado!!!
corrado!@#
corrado#1
corrado$
corrado0
corrado00
corrado007
corrado01
corrado01!
corrado02
corrado1
corrado1!
corrado12
corrado123
corrado123!
corrado1234
corrado1234!
corrado12345
corrado123456
corrado2
corrado2020
corrado2020!
corrado2021
corrado2021!
corrado2022
corrado2022!
corrado2023
corrado2023!
corrado2024
corrado2024!
corrado2025
corrado2025!
corrado2026
corrado2026!
corrado22
corrado3
corrado33
corrado4
corrado5
corrado6
corrado7
corrado8
corrado9
corrado99
corrado99!
corrado??
corrado@
corrado@123
corvette!
corvette!!
corvette!!!
corvette!@#
corvette#1
corvette$
corvette0
corvette00
corvette007
corvette01
corvette01!
corvette02
corvette1!
corvette12
corvette123
corvette123!
corvette1234
corvette1234!
corvette12345
corvette123456
corvette2
corvette2020
corvette2020!
corvette2021
corvette2021!
corvette2022
corvette2022!
corvette2023
corvette2023!
corvette2024
corvette2024!
corvette2025
corvette2025!
corvette2026
corvette2026!
corvette22
corvette3
corvette33
corvette4
corvette5
corvette6
corvette7
corvette8
corvette9
corvette99
corvette99!
corvette??
corvette@
corvette@123
cougar!
cougar!!
cougar!!!
cougar!@#
cougar#1
cougar$
cougar0
cougar00
cougar007
cougar01
cougar01!
cougar02
cougar1
cougar1!
cougar12
cougar123
cougar123!
cougar1234
cougar1234!
cougar12345
cougar123456
cougar2
cougar2020
cougar2020!
cougar2021
cougar2021!
cougar2022
cougar2022!
cougar2023
cougar2023!
cougar2024
cougar2024!
cougar2025
cougar2025!
cougar2026
cougar2026!
cougar22
cougar3
cougar33
cougar4
cougar5
cougar6
cougar7
cougar8
cougar9
cougar99
cougar99!
cougar??
cougar@
cougar@123
cowboy!
cowboy!!
cowboy!!!
cowboy!@#
cowboy#1
cowboy$
cowboy0
cowboy00
cowboy007
cowboy01
cowboy01!
cowboy02
cowboy1
cowboy1!
cowboy12
cowboy123
cowboy123!
cowboy1234
cowboy1234!
cowboy12345
cowboy123456
cowboy2
cowboy2020
cowboy2020!
cowboy2021
cowboy2021!
cowboy2022
cowboy2022!
cowboy2023
cowboy2023!
cowboy2024
cowboy2024!
cowboy2025
cowboy2025!
cowboy2026
cowboy2026!
cowboy22
cowboy3
cowboy33
cowboy4
cowboy5
cowboy6
cowboy7
cowboy8
cowboy9
cowboy99
cowboy99!
cowboy??
cowboy@
cowboy@123
cynthia
cynthia!
cynthia1
cynthia12
cynthia123
cynthia123!
cynthia1234
cynthia2024
cynthia2025
cynthia2026
dakota!
dakota!!
dakota!!!
dakota!@#
dakota#1
dakota$
dakota0
dakota00
dakota007
dakota01
dakota01!
dakota02
dakota1
dakota1!
dakota12
dakota123
dakota123!
dakota1234
dakota1234!
dakota12345
dakota123456
dakota2
dakota2020
dakota2020!
dakota2021
dakota2021!
dakota2022
dakota2022!
dakota2023
dakota2023!
dakota2024
dakota2024!
dakota2025
dakota2025!
dakota2026
dakota2026!
dakota22
dakota3
dakota33
dakota4
dakota5
dakota6
dakota7
dakota8
dakota9
dakota99
dakota99!
dakota??
dakota@
dakota@123
daniel!
daniel!!
daniel!!!
daniel!@#
daniel#1
daniel$
daniel0
daniel00
daniel007
daniel01
daniel01!
daniel02
daniel1
daniel1!
daniel12
daniel123
daniel123!
daniel1234
daniel1234!
daniel12345
daniel123456
daniel2
daniel2020
daniel2020!
daniel2021
daniel2021!
daniel2022
daniel2022!
daniel2023
daniel2023!
daniel2024
daniel2024!
daniel2025
daniel2025!
daniel2026
daniel2026!
daniel22
daniel3
daniel33
daniel4
daniel5
daniel6
daniel7
daniel8
daniel9
daniel99
daniel99!
daniel??
daniel@
daniel@123
david
david!
david1
david12
david123
david123!
david1234
david2024
david2025
david2026
deborah
deborah!
deborah1
deborah12
deborah123
deborah123!
deborah1234
deborah2024
deborah2025
deborah2026
debra
debra!
debra1
debra12
debra123
debra123!
debra1234
debra2024
debra2025
debra2026
dec2015
dec2015!
dec2016
dec2016!
dec2017
dec2017!
dec2018
dec2018!
dec2019
dec2019!
dec2020
dec2020!
dec2021
dec2021!
dec2022
dec2022!
dec2023
dec2023!
dec2024
dec2024!
dec2025
dec2025!
dec2026
dec2026!
dec2027
dec2027!
december2015
december2015!
december2016
december2016!
december2017
december2017!
december2018
december2018!
december2019
december2019!
december2020
december2020!
december2021
december2021!
december2022
december2022!
december2023
december2023!
december2024
december2024!
december2025
december2025!
december2026
december2026!
december2027
december2027!
default!
default!!
default!!!
default!@#
default#1
default$
default0
default00
default007
default01
default01!
default02
default1
default1!
default12
default123
default123!
default1234
default1234!
default12345
default123456
default2
default2020
default2020!
default2021
default2021!
default2022
default2022!
default2023
default2023!
default2024
default2024!
default2025
default2025!
default2026
default2026!
default22
default3
default33
default4
default5
default6
default7
default8
default9
default99
default99!
default??
default@
default@123
dennis
dennis!
dennis1
dennis12
dennis123
dennis123!
dennis1234
dennis2024
dennis2025
dennis2026
diamond!
diamond!!
diamond!!!
diamond!@#
diamond#1
diamond$
diamond0
diamond00
diamond007
diamond01
diamond01!
diamond02
diamond1
diamond1!
diamond12
diamond123
diamond123!
diamond1234
diamond1234!
diamond12345
diamond123456
diamond2
diamond2020
diamond2020!
diamond2021
diamond2021!
diamond2022
diamond2022!
diamond2023
diamond2023!
diamond2024
diamond2024!
diamond2025
diamond2025!
diamond2026
diamond2026!
diamond22
diamond3
diamond33
diamond4
diamond5
diamond6
diamond7
diamond8
diamond9
diamond99
diamond99!
diamond??
diamond@
diamond@123
diane
diane!
diane1
diane12
diane123
diane123!
diane1234
diane2024
diane2025
diane2026
diesel!
diesel!!
diesel!!!
diesel!@#
diesel#1
diesel$
diesel0
diesel00
diesel007
diesel01
diesel01!
diesel02
diesel1
diesel1!
diesel12
diesel123
diesel123!
diesel1234
diesel1234!
diesel12345
diesel123456
diesel2
diesel2020
diesel2020!
diesel2021
diesel2021!
diesel2022
diesel2022!
diesel2023
diesel2023!
diesel2024
diesel2024!
diesel2025
diesel2025!
diesel2026
diesel2026!
diesel22
diesel3
diesel33
diesel4
diesel5
diesel6
diesel7
diesel8
diesel9
diesel99
diesel99!
diesel??
diesel@
diesel@123
doctor!
doctor!!
doctor!!!
doctor!@#
doctor#1
doctor$
doctor0
doctor00
doctor007
doctor01
doctor01!
doctor02
doctor1
doctor1!
doctor12
doctor123
doctor123!
doctor1234
doctor1234!
doctor12345
doctor123456
doctor2
doctor2020
doctor2020!
doctor2021
doctor2021!
doctor2022
doctor2022!
doctor2023
doctor2023!
doctor2024
doctor2024!
doctor2025
doctor2025!
doctor2026
doctor2026!
doctor22
doctor3
doctor33
doctor4
doctor5
doctor6
doctor7
doctor8
doctor9
doctor99
doctor99!
doctor??
doctor@
doctor@123
donald!
donald!!
donald!!!
donald!@#
donald#1
donald$
donald0
donald00
donald007
donald01
donald01!
donald02
donald1
donald1!
donald12
donald123
donald123!
donald1234
donald1234!
donald12345
donald123456
donald2
donald2020
donald2020!
donald2021
donald2021!
donald2022
donald2022!
donald2023
donald2023!
donald2024
donald2024!
donald2025
donald2025!
donald2026
donald2026!
donald22
donald3
donald33
donald4
donald5
donald6
donald7
donald8
donald9
donald99
donald99!
donald??
donald@
donald@123
donna
donna!
donna1
donna12
donna123
donna123!
donna1234
donna2024
donna2025
donna2026
doris
doris!
doris1
doris12
doris123
doris123!
doris1234
doris2024
doris2025
doris2026
dorothy
dorothy!
dorothy1
dorothy12
dorothy123
dorothy123!
dorothy1234
dorothy2024
dorothy2025
dorothy2026
dragon!
dragon!!
dragon!!!
dragon!@#
dragon#1
dragon$
dragon0
dragon00
dragon007
dragon01
dragon01!
dragon02
dragon1!
dragon12
dragon123
dragon123!
dragon1234
dragon1234!
dragon12345
dragon123456
dragon2
dragon2020
dragon2020!
dragon2021
dragon2021!
dragon2022
dragon2022!
dragon2023
dragon2023!
dragon2024
dragon2024!
dragon2025
dragon2025!
dragon2026
dragon2026!
dragon22
dragon3
dragon33
dragon4
dragon5
dragon6
dragon7
dragon8
dragon9
dragon99
dragon99!
dragon??
dragon@
dragon@123
edcrfv
edcrfv!
edcrfv1
edcrfv123
edward!
edward!!
edward!!!
edward!@#
edward#1
edward$
edward0
edward00
edward007
edward01
edward01!
edward02
edward1
edward1!
edward12
edward123
edward123!
edward1234
edward1234!
edward12345
edward123456
edward2
edward2020
edward2020!
edward2021
edward2021!
edward2022
edward2022!
edward2023
edward2023!
edward2024
edward2024!
edward2025
edward2025!
edward2026
edward2026!
edward22
edward3
edward33
edward4
edward5
edward6
edward7
edward8
edward9
edward99
edward99!
edward??
edward@
edward@123
elizabeth
elizabeth!
elizabeth1
elizabeth12
elizabeth123
elizabeth123!
elizabeth1234
elizabeth2024
elizabeth2025
elizabeth2026
eric
eric!
eric1
eric12
eric123
eric123!
eric1234
eric2024
eric2025
eric2026
evelyn
evelyn!
evelyn1
evelyn12
evelyn123
evelyn123!
evelyn1234
evelyn2024
evelyn2025
evelyn2026
falcon!
falcon!!
falcon!!!
falcon!@#
falcon#1
falcon$
falcon0
falcon00
falcon007
falcon01
falcon01!
falcon02
falcon1!
falcon12
falcon123
falcon123!
falcon1234
falcon1234!
falcon12345
falcon123456
falcon2
falcon2020
falcon2020!
falcon2021
falcon2021!
falcon2022
falcon2022!
falcon2023
falcon2023!
falcon2024
falcon2024!
falcon2025
falcon2025!
falcon2026
falcon2026!
falcon22
falcon3
falcon33
falcon4
falcon5
falcon6
falcon7
falcon8
falcon9
falcon99
falcon99!
falcon??
falcon@
falcon@123
fall2015
fall2015!
fall2016
fall2016!
fall2017
fall2017!
fall2018
fall2018!
fall2019
fall2019!
fall2020
fall2020!
fall2021
fall2021!
fall2022
fall2022!
fall2023
fall2023!
fall2024
fall2024!
fall2025
fall2025!
fall2026
fall2026!
fall2027
fall2027!
feb2015
feb2015!
feb2016
feb2016!
feb2017
feb2017!
feb2018
feb2018!
feb2019
feb2019!
feb2020
feb2020!
feb2021
feb2021!
feb2022
feb2022!
feb2023
feb2023!
feb2024
feb2024!
feb2025
feb2025!
feb2026
feb2026!
feb2027
feb2027!
february2015
february2015!
february2016
february2016!
february2017
february2017!
february2018
february2018!
february2019
february2019!
february2020
february2020!
february2021
february2021!
february2022
february2022!
february2023
february2023!
february2024
february2024!
february2025
february2025!
february2026
february2026!
february2027
february2027!
ferrari!
ferrari!!
ferrari!!!
ferrari!@#
ferrari#1
ferrari$
ferrari0
ferrari00
ferrari007
ferrari01
ferrari01!
ferrari02
ferrari1
ferrari1!
ferrari12
ferrari123
ferrari123!
ferrari1234
ferrari1234!
ferrari12345
ferrari123456
ferrari2
ferrari2020
ferrari2020!
ferrari2021
ferrari2021!
ferrari2022
ferrari2022!
ferrari2023
ferrari2023!
ferrari2024
ferrari2024!
ferrari2025
ferrari2025!
ferrari2026
ferrari2026!
ferrari22
ferrari3
ferrari33
ferrari4
ferrari5
ferrari6
ferrari7
ferrari8
ferrari9
ferrari99
ferrari99!
ferrari??
ferrari@
ferrari@123
football!
football!!
football!!!
football!@#
football#1
football$
football0
football00
football007
football01
football01!
football02
football1!
football12
football123
football123!
football1234
football1234!
football12345
football123456
football2
football2020
football2020!
football2021
football2021!
football2022
football2022!
football2023
football2023!
football2024
football2024!
football2025
football2025!
football2026
football2026!
football22
football3
football33
football4
football5
football6
football7
football8
football9
football99
football99!
football??
football@
football@123
frances
frances!
frances1
frances12
frances123
frances123!
frances1234
frances2024
frances2025
frances2026
frank
frank!
frank1
frank12
frank123
frank123!
frank1234
frank2024
frank2025
frank2026
freedom!
freedom!!
freedom!!!
freedom!@#
freedom#1
freedom$
freedom0
freedom00
freedom007
freedom01
freedom01!
freedom02
freedom1
freedom1!
freedom12
freedom123
freedom123!
freedom1234
freedom1234!
freedom12345
freedom123456
freedom2
freedom2020
freedom2020!
freedom2021
freedom2021!
freedom2022
freedom2022!
freedom2023
freedom2023!
freedom2024
freedom2024!
freedom2025
freedom2025!
freedom2026
freedom2026!
freedom22
freedom3
freedom33
freedom4
freedom5
freedom6
freedom7
freedom8
freedom9
freedom99
freedom99!
freedom??
freedom@
freedom@123
galaxy!
galaxy!!
galaxy!!!
galaxy!@#
galaxy#1
galaxy$
galaxy0
galaxy00
galaxy007
galaxy01
galaxy01!
galaxy02
galaxy1
galaxy1!
galaxy12
galaxy123
galaxy123!
galaxy1234
galaxy1234!
galaxy12345
galaxy123456
galaxy2
galaxy2020
galaxy2020!
galaxy2021
galaxy2021!
galaxy2022
galaxy2022!
galaxy2023
galaxy2023!
galaxy2024
galaxy2024!
galaxy2025
galaxy2025!
galaxy2026
galaxy2026!
galaxy22
galaxy3
galaxy33
galaxy4
galaxy5
galaxy6
galaxy7
galaxy8
galaxy9
galaxy99
galaxy99!
galaxy??
galaxy@
galaxy@123
gary
gary!
gary1
gary12
gary123
gary123!
gary1234
gary2024
gary2025
gary2026
george!
george!!
george!!!
george!@#
george#1
george$
george0
george00
george007
george01
george01!
george02
george1
george1!
george12
george123
george123!
george1234
george1234!
george12345
george123456
george2
george2020
george2020!
george2021
george2021!
george2022
george2022!
george2023
george2023!
george2024
george2024!
george2025
george2025!
george2026
george2026!
george22
george3
george33
george4
george5
george6
george7
george8
george9
george99
george99!
george??
george@
george@123
gloria
gloria!
gloria1
gloria12
gloria123
gloria123!
gloria1234
gloria2024
gloria2025
gloria2026
golden!
golden!!
golden!!!
golden!@#
golden#1
golden$
golden0
golden00
golden007
golden01
golden01!
golden02
golden1
golden1!
golden12
golden123
golden123!
golden1234
golden1234!
golden12345
golden123456
golden2
golden2020
golden2020!
golden2021
golden2021!
golden2022
golden2022!
golden2023
golden2023!
golden2024
golden2024!
golden2025
golden2025!
golden2026
golden2026!
golden22
golden3
golden33
golden4
golden5
golden6
golden7
golden8
golden9
golden99
golden99!
golden??
golden@
golden@123
gregory
gregory!
gregory1
gregory12
gregory123
gregory123!
gregory1234
gregory2024
gregory2025
gregory2026
guitar!
guitar!!
guitar!!!
guitar!@#
guitar#1
guitar$
guitar0
guitar00
guitar007
guitar01
guitar01!
guitar02
guitar1
guitar1!
guitar12
guitar123
guitar123!
guitar1234
guitar1234!
guitar12345
guitar123456
guitar2
guitar2020
guitar2020!
guitar2021
guitar2021!
guitar2022
guitar2022!
guitar2023
guitar2023!
guitar2024
guitar2024!
guitar2025
guitar2025!
guitar2026
guitar2026!
guitar22
guitar3
guitar33
guitar4
guitar5
guitar6
guitar7
guitar8
guitar9
guitar99
guitar99!
guitar??
guitar@
guitar@123
hammer!
hammer!!
hammer!!!
hammer!@#
hammer#1
hammer$
hammer0
hammer00
hammer007
hammer01
hammer01!
hammer02
hammer1
hammer1!
hammer12
hammer123
hammer123!
hammer1234
hammer1234!
hammer12345
hammer123456
hammer2
hammer2020
hammer2020!
hammer2021
hammer2021!
hammer2022
hammer2022!
hammer2023
hammer2023!
hammer2024
hammer2024!
hammer2025
hammer2025!
hammer2026
hammer2026!
hammer22
hammer3
hammer33
hammer4
hammer5
hammer6
hammer7
hammer8
hammer9
hammer99
hammer99!
hammer??
hammer@
hammer@123
harley!
harley!!
harley!!!
harley!@#
harley#1
harley$
harley0
harley00
harley007
harley01
harley01!
harley02
harley1
harley1!
harley12
harley123
harley123!
harley1234
harley1234!
harley12345
harley123456
harley2
harley2020
harley2020!
harley2021
harley2021!
harley2022
harley2022!
harley2023
harley2023!
harley2024
harley2024!
harley2025
harley2025!
harley2026
harley2026!
harley22
harley3
harley33
harley4
harley5
harley6
harley7
harley8
harley9
harley99
harley99!
harley??
harley@
harley@123
heather!
heather1
heather12
heather123
heather123!
heather1234
heather2024
heather2025
heather2026
helen
helen!
helen1
helen12
helen123
helen123!
helen1234
helen2024
helen2025
helen2026
hockey!
hockey!!
hockey!!!
hockey!@#
hockey#1
hockey$
hockey0
hockey00
hockey007
hockey01
hockey01!
hockey02
hockey1
hockey1!
hockey12
hockey123
hockey123!
hockey1234
hockey1234!
hockey12345
hockey123456
hockey2
hockey2020
hockey2020!
hockey2021
hockey2021!
hockey2022
hockey2022!
hockey2023
hockey2023!
hockey2024
hockey2024!
hockey2025
hockey2025!
hockey2026
hockey2026!
hockey22
hockey3
hockey33
hockey4
hockey5
hockey6
hockey7
hockey8
hockey9
hockey99
hockey99!
hockey??
hockey@
hockey@123
hunter!
hunter!!
hunter!!!
hunter!@#
hunter#1
hunter$
hunter0
hunter00
hunter007
hunter01
hunter01!
hunter02
hunter1!
hunter12
hunter123
hunter123!
hunter1234
hunter1234!
hunter12345
hunter123456
hunter2020
hunter2020!
hunter2021
hunter2021!
hunter2022
hunter2022!
hunter2023
hunter2023!
hunter2024
hunter2024!
hunter2025
hunter2025!
hunter2026
hunter2026!
hunter22
hunter3
hunter33
hunter4
hunter5
hunter6
hunter7
hunter8
hunter9
hunter99
hunter99!
hunter??
hunter@
hunter@123
iloveyou!
iloveyou!!
iloveyou!!!
iloveyou!@#
iloveyou#1
iloveyou$
iloveyou0
iloveyou00
iloveyou007
iloveyou01
iloveyou01!
iloveyou02
iloveyou1!
iloveyou12
iloveyou123
iloveyou123!
iloveyou1234
iloveyou1234!
iloveyou12345
iloveyou123456
iloveyou2020
iloveyou2020!
iloveyou2021
iloveyou2021!
iloveyou2022
iloveyou2022!
iloveyou2023
iloveyou2023!
iloveyou2024
iloveyou2024!
iloveyou2025
iloveyou2025!
iloveyou2026
iloveyou2026!
iloveyou22
iloveyou3
iloveyou33
iloveyou4
iloveyou5
iloveyou6
iloveyou7
iloveyou8
iloveyou9
iloveyou99
iloveyou99!
iloveyou??
iloveyou@
iloveyou@123
internet!
internet!!
internet!!!
internet!@#
internet#1
internet$
internet0
internet00
internet007
internet01
internet01!
internet02
internet1
internet1!
internet12
internet123
internet123!
internet1234
internet1234!
internet12345
internet123456
internet2
internet2020
internet2020!
internet2021
internet2021!
internet2022
internet2022!
internet2023
internet2023!
internet2024
internet2024!
internet2025
internet2025!
internet2026
internet2026!
internet22
internet3
internet33
internet4
internet5
internet6
internet7
internet8
internet9
internet99
internet99!
internet??
internet@
internet@123
jackson!
jackson!!
jackson!!!
jackson!@#
jackson#1
jackson$
jackson0
jackson00
jackson007
jackson01
jackson01!
jackson02
jackson1
jackson1!
jackson12
jackson123
jackson123!
jackson1234
jackson1234!
jackson12345
jackson123456
jackson2
jackson2020
jackson2020!
jackson2021
jackson2021!
jackson2022
jackson2022!
jackson2023
jackson2023!
jackson2024
jackson2024!
jackson2025
jackson2025!
jackson2026
jackson2026!
jackson22
jackson3
jackson33
jackson4
jackson5
jackson6
jackson7
jackson8
jackson9
jackson99
jackson99!
jackson??
jackson@
jackson@123
jaguar!
jaguar!!
jaguar!!!
jaguar!@#
jaguar#1
jaguar$
jaguar0
jaguar00
jaguar007
jaguar01
jaguar01!
jaguar02
jaguar1
jaguar1!
jaguar12
jaguar123
jaguar123!
jaguar1234
jaguar1234!
jaguar12345
jaguar123456
jaguar2
jaguar2020
jaguar2020!
jaguar2021
jaguar2021!
jaguar2022
jaguar2022!
jaguar2023
jaguar2023!
jaguar2024
jaguar2024!
jaguar2025
jaguar2025!
jaguar2026
jaguar2026!
jaguar22
jaguar3
jaguar33
jaguar4
jaguar5
jaguar6
jaguar7
jaguar8
jaguar9
jaguar99
jaguar99!
jaguar??
jaguar@
jaguar@123
james
james!
james1
james12
james123
james123!
james1234
james2024
james2025
james2026
jan2015
jan2015!
jan2016
jan2016!
jan2017
jan2017!
jan2018
jan2018!
jan2019
jan2019!
jan2020
jan2020!
jan2021
jan2021!
jan2022
jan2022!
jan2023
jan2023!
jan2024
jan2024!
jan2025
jan2025!
jan2026
jan2026!
jan2027
jan2027!
janet
janet!
janet1
janet12
janet123
janet123!
janet1234
janet2024
janet2025
janet2026
january2015
january2015!
january2016
january2016!
january2017
january2017!
january2018
january2018!
january2019
january2019!
january2020
january2020!
january2021
january2021!
january2022
january2022!
january2023
january2023!
january2024
january2024!
january2025
january2025!
january2026
january2026!
january2027
january2027!
jason
jason!
jason1
jason12
jason123
jason123!
jason1234
jason2024
jason2025
jason2026
jean
jean!
jean1
jean12
jean123
jean123!
jean1234
jean2024
jean2025
jean2026
jeffrey
jeffrey!
jeffrey1
jeffrey12
jeffrey123
jeffrey123!
jeffrey1234
jeffrey2024
jeffrey2025
jeffrey2026
jennifer!
jennifer1
jennifer12
jennifer123
jennifer123!
jennifer1234
jennifer2024
jennifer2025
jennifer2026
jerry
jerry!
jerry1
jerry12
jerry123
jerry123!
jerry1234
jerry2024
jerry2025
jerry2026
jessica!
jessica12
jessica123
jessica123!
jessica1234
jessica2024
jessica2025
jessica2026
john
john!
john1
john12
john123
john123!
john1234
john2024
john2025
john2026
jordan!
jordan!!
jordan!!!
jordan!@#
jordan#1
jordan$
jordan0
jordan00
jordan007
jordan01
jordan01!
jordan02
jordan1!
jordan12
jordan123
jordan123!
jordan1234
jordan1234!
jordan12345
jordan123456
jordan2
jordan2020
jordan2020!
jordan2021
jordan2021!
jordan2022
jordan2022!
jordan2023
jordan2023!
jordan2024
jordan2024!
jordan2025
jordan2025!
jordan2026
jordan2026!
jordan22
jordan3
jordan33
jordan4
jordan5
jordan6
jordan7
jordan8
jordan9
jordan99
jordan99!
jordan??
jordan@
jordan@123
jose
jose!
jose1
jose12
jose123
jose123!
jose1234
jose2024
jose2025
jose2026
joseph
joseph!
joseph1
joseph12
joseph123
joseph123!
joseph1234
joseph2024
joseph2025
joseph2026
joshua!
joshua1
joshua12
joshua123
joshua123!
joshua1234
joshua2024
joshua2025
joshua2026
joyce
joyce!
joyce1
joyce12
joyce123
joyce123!
joyce1234
joyce2024
joyce2025
joyce2026
jul2015
jul2015!
jul2016
jul2016!
jul2017
jul2017!
jul2018
jul2018!
jul2019
jul2019!
jul2020
jul2020!
jul2021
jul2021!
jul2022
jul2022!
jul2023
jul2023!
jul2024
jul2024!
jul2025
jul2025!
jul2026
jul2026!
jul2027
jul2027!
julie
julie!
julie1
julie12
julie123
julie123!
julie1234
julie2024
julie2025
julie2026
july2015
july2015!
july2016
july2016!
july2017
july2017!
july2018
july2018!
july2019
july2019!
july2020
july2020!
july2021
july2021!
july2022
july2022!
july2023
july2023!
july2024
july2024!
july2025
july2025!
july2026
july2026!
july2027
july2027!
jumper!
jumper!!
jumper!!!
jumper!@#
jumper#1
jumper$
jumper0
jumper00
jumper007
jumper01
jumper01!
jumper02
jumper1
jumper1!
jumper12
jumper123
jumper123!
jumper1234
jumper1234!
jumper12345
jumper123456
jumper2
jumper2020
jumper2020!
jumper2021
jumper2021!
jumper2022
jumper2022!
jumper2023
jumper2023!
jumper2024
jumper2024!
jumper2025
jumper2025!
jumper2026
jumper2026!
jumper22
jumper3
jumper33
jumper4
jumper5
jumper6
jumper7
jumper8
jumper9
jumper99
jumper99!
jumper??
jumper@
jumper@123
jun2015
jun2015!
jun2016
jun2016!
jun2017
jun2017!
jun2018
jun2018!
jun2019
jun2019!
jun2020
jun2020!
jun2021
jun2021!
jun2022
jun2022!
jun2023
jun2023!
jun2024
jun2024!
jun2025
jun2025!
jun2026
jun2026!
jun2027
jun2027!
june2015
june2015!
june2016
june2016!
june2017
june2017!
june2018
june2018!
june2019
june2019!
june2020
june2020!
june2021
june2021!
june2022
june2022!
june2023
june2023!
june2024
june2024!
june2025
june2025!
june2026
june2026!
june2027
june2027!
karen
karen!
karen1
karen12
karen123
karen123!
karen1234
karen2024
karen2025
karen2026
kathleen
kathleen!
kathleen1
kathleen12
kathleen123
kathleen123!
kathleen1234
kathleen2024
kathleen2025
kathleen2026
kenneth
kenneth!
kenneth1
kenneth12
kenneth123
kenneth123!
kenneth1234
kenneth2024
kenneth2025
kenneth2026
kevin
kevin!
kevin1
kevin12
kevin123
kevin123!
kevin1234
kevin2024
kevin2025
kevin2026
killer!
killer!!
killer!!!
killer!@#
killer#1
killer$
killer0
killer00
killer007
killer01
killer01!
killer02
killer1
killer1!
killer12
killer123
killer123!
killer1234
killer1234!
killer12345
killer123456
killer2
killer2020
killer2020!
killer2021
killer2021!
killer2022
killer2022!
killer2023
killer2023!
killer2024
killer2024!
killer2025
killer2025!
killer2026
killer2026!
killer22
killer3
killer33
killer4
killer5
killer6
killer7
killer8
killer9
killer99
killer99!
killer??
killer@
killer@123
kimberly
kimberly!
kimberly1
kimberly12
kimberly123
kimberly123!
kimberly1234
kimberly2024
kimberly2025
kimberly2026
larry
larry!
larry1
larry12
larry123
larry123!
larry1234
larry2024
larry2025
larry2026
laura
laura!
laura1
laura12
laura123
laura123!
laura1234
laura2024
laura2025
laura2026
letmein!
letmein!!
letmein!!!
letmein!@#
letmein#1
letmein$
letmein0
letmein00
letmein007
letmein01
letmein01!
letmein02
letmein1!
letmein12
letmein123
letmein123!
letmein1234
letmein1234!
letmein12345
letmein123456
letmein2
letmein2020
letmein2020!
letmein2021
letmein2021!
letmein2022
letmein2022!
letmein2023
letmein2023!
letmein2024!
letmein2025!
letmein2026
letmein2026!
letmein22
letmein3
letmein33
letmein4
letmein5
letmein6
letmein7
letmein8
letmein9
letmein99
letmein99!
letmein??
letmein@
letmein@123
linda
linda!
linda1
linda12
linda123
linda123!
linda1234
linda2024
linda2025
linda2026
lisa
lisa!
lisa1
lisa12
lisa123
lisa123!
lisa1234
lisa2024
lisa2025
lisa2026
login!
login!!
login!!!
login!@#
login#1
login$
login0
login00
login007
login01
login01!
login02
login1
login1!
login12
login123!
login1234
login1234!
login12345
login123456
login2
login2020
login2020!
login2021
login2021!
login2022
login2022!
login2023
login2023!
login2024
login2024!
login2025
login2025!
login2026
login2026!
login22
login3
login33
login4
login5
login6
login7
login8
login9
login99
login99!
login??
login@
login@123
mar2015
mar2015!
mar2016
mar2016!
mar2017
mar2017!
mar2018
mar2018!
mar2019
mar2019!
mar2020
mar2020!
mar2021
mar2021!
mar2022
mar2022!
mar2023
mar2023!
mar2024
mar2024!
mar2025
mar2025!
mar2026
mar2026!
mar2027
mar2027!
march2015
march2015!
march2016
march2016!
march2017
march2017!
march2018
march2018!
march2019
march2019!
march2020
march2020!
march2021
march2021!
march2022
march2022!
march2023
march2023!
march2024
march2024!
march2025
march2025!
march2026
march2026!
march2027
march2027!
margaret
margaret!
margaret1
margaret12
margaret123
margaret123!
margaret1234
margaret2024
margaret2025
margaret2026
maria
maria!
maria1
maria12
maria123
maria123!
maria1234
maria2024
maria2025
maria2026
marie
marie!
marie1
marie12
marie123
marie123!
marie1234
marie2024
marie2025
marie2026
mark
mark!
mark1
mark12
mark123
mark123!
mark1234
mark2024
mark2025
mark2026
martha
martha!
martha1
martha12
martha123
martha123!
martha1234
martha2024
martha2025
martha2026
martin!
martin!!
martin!!!
martin!@#
martin#1
martin$
martin0
martin00
martin007
martin01
martin01!
martin02
martin1
martin1!
martin12
martin123
martin123!
martin1234
martin1234!
martin12345
martin123456
martin2
martin2020
martin2020!
martin2021
martin2021!
martin2022
martin2022!
martin2023
martin2023!
martin2024
martin2024!
martin2025
martin2025!
martin2026
martin2026!
martin22
martin3
martin33
martin4
martin5
martin6
martin7
martin8
martin9
martin99
martin99!
martin??
martin@
martin@123
marvin!
marvin!!
marvin!!!
marvin!@#
marvin#1
marvin$
marvin0
marvin00
marvin007
marvin01
marvin01!
marvin02
marvin1
marvin1!
marvin12
marvin123
marvin123!
marvin1234
marvin1234!
marvin12345
marvin123456
marvin2
marvin2020
marvin2020!
marvin2021
marvin2021!
marvin2022
marvin2022!
marvin2023
marvin2023!
marvin2024
marvin2024!
marvin2025
marvin2025!
marvin2026
marvin2026!
marvin22
marvin3
marvin33
marvin4
marvin5
marvin6
marvin7
marvin8
marvin9
marvin99
marvin99!
marvin??
marvin@
marvin@123
mary
mary!
mary1
mary12
mary123
mary123!
mary1234
mary2024
mary2025
mary2026
master!
master!!
master!!!
master!@#
master#1
master$
master0
master00
master007
master01
master01!
master02
master1!
master12
master123!
master1234
master1234!
master12345
master123456
master2
master2020
master2020!
master2021
master2021!
master2022
master2022!
master2023
master2023!
master2024
master2024!
master2025
master2025!
master2026
master2026!
master22
master3
master33
master4
master5
master6
master7
master8
master9
master99
master99!
master??
master@
master@123
matrix!
matrix!!
matrix!!!
matrix!@#
matrix#1
matrix$
matrix0
matrix00
matrix007
matrix01
matrix01!
matrix02
matrix1!
matrix12
matrix123
matrix123!
matrix1234
matrix1234!
matrix12345
matrix123456
matrix2
matrix2020
matrix2020!
matrix2021
matrix2021!
matrix2022
matrix2022!
matrix2023
matrix2023!
matrix2024
matrix2024!
matrix2025
matrix2025!
matrix2026
matrix2026!
matrix22
matrix3
matrix33
matrix4
matrix5
matrix6
matrix7
matrix8
matrix9
matrix99
matrix99!
matrix??
matrix@
matrix@123
matthew!
matthew1
matthew12
matthew123
matthew123!
matthew1234
matthew2024
matthew2025
matthew2026
may2015
may2015!
may2016
may2016!
may2017
may2017!
may2018
may2018!
may2019
may2019!
may2020
may2020!
may2021
may2021!
may2022
may2022!
may2023
may2023!
may2024
may2024!
may2025
may2025!
may2026
may2026!
may2027
may2027!
melissa!
melissa1
melissa12
melissa123
melissa123!
melissa1234
melissa2024
melissa2025
melissa2026
member
member!
member!!
member!!!
member!@#
member#1
member$
member0
member00
member007
member01
member01!
member02
member1
member1!
member12
member123
member123!
member1234
member1234!
member12345
member123456
member2
member2020
member2020!
member2021
member2021!
member2022
member2022!
member2023
member2023!
member2024
member2024!
member2025
member2025!
member2026
member2026!
member22
member3
member33
member4
member5
member6
member7
member8
member9
member99
member99!
member??
member@
member@123
mercedes!
mercedes!!
mercedes!!!
mercedes!@#
mercedes#1
mercedes$
mercedes0
mercedes00
mercedes007
mercedes01
mercedes01!
mercedes02
mercedes1
mercedes1!
mercedes12
mercedes123
mercedes123!
mercedes1234
mercedes1234!
mercedes12345
mercedes123456
mercedes2
mercedes2020
mercedes2020!
mercedes2021
mercedes2021!
mercedes2022
mercedes2022!
mercedes2023
mercedes2023!
mercedes2024
mercedes2024!
mercedes2025
mercedes2025!
mercedes2026
mercedes2026!
mercedes22
mercedes3
mercedes33
mercedes4
mercedes5
mercedes6
mercedes7
mercedes8
mercedes9
mercedes99
mercedes99!
mercedes??
mercedes@
mercedes@123
michael!
michael!!
michael!!!
michael!@#
michael#1
michael$
michael0
michael00
michael007
michael01
michael01!
michael02
michael1!
michael12
michael123
michael123!
michael1234
michael1234!
michael12345
michael123456
michael2
michael2020
michael2020!
michael2021
michael2021!
michael2022
michael2022!
michael2023
michael2023!
michael2024
michael2024!
michael2025
michael2025!
michael2026
michael2026!
michael22
michael3
michael33
michael4
michael5
michael6
michael7
michael8
michael9
michael99
michael99!
michael??
michael@
michael@123
michelle!
michelle1
michelle12
michelle123
michelle123!
michelle1234
michelle2024
michelle2025
michelle2026
mildred
mildred!
mildred1
mildred12
mildred123
mildred123!
mildred1234
mildred2024
mildred2025
mildred2026
miller!
miller!!
miller!!!
miller!@#
miller#1
miller$
miller0
miller00
miller007
miller01
miller01!
miller02
miller1
miller1!
miller12
miller123
miller123!
miller1234
miller1234!
miller12345
miller123456
miller2
miller2020
miller2020!
miller2021
miller2021!
miller2022
miller2022!
miller2023
miller2023!
miller2024
miller2024!
miller2025
miller2025!
miller2026
miller2026!
miller22
miller3
miller33
miller4
miller5
miller6
miller7
miller8
miller9
miller99
miller99!
miller??
miller@
miller@123
monkey!
monkey!!
monkey!!!
monkey!@#
monkey#1
monkey$
monkey0
monkey00
monkey007
monkey01
monkey01!
monkey02
monkey1!
monkey12
monkey123
monkey123!
monkey1234
monkey1234!
monkey12345
monkey123456
monkey2
monkey2020
monkey2020!
monkey2021
monkey2021!
monkey2022
monkey2022!
monkey2023
monkey2023!
monkey2024
monkey2024!
monkey2025
monkey2025!
monkey2026
monkey2026!
monkey22
monkey3
monkey33
monkey4
monkey5
monkey6
monkey7
monkey8
monkey9
monkey99
monkey99!
monkey??
monkey@
monkey@123
mustang!
mustang!!
mustang!!!
mustang!@#
mustang#1
mustang$
mustang0
mustang00
mustang007
mustang01
mustang01!
mustang02
mustang1!
mustang12
mustang123
mustang123!
mustang1234
mustang1234!
mustang12345
mustang123456
mustang2
mustang2020
mustang2020!
mustang2021
mustang2021!
mustang2022
mustang2022!
mustang2023
mustang2023!
mustang2024
mustang2024!
mustang2025
mustang2025!
mustang2026
mustang2026!
mustang22
mustang3
mustang33
mustang4
mustang5
mustang6
mustang7
mustang8
mustang9
mustang99
mustang99!
mustang??
mustang@
mustang@123
nancy
nancy!
nancy1
nancy12
nancy123
nancy123!
nancy1234
nancy2024
nancy2025
nancy2026
network!
network!!
network!!!
network!@#
network#1
network$
network0
network00
network007
network01
network01!
network02
network1
network1!
network12
network123
network123!
network1234
network1234!
network12345
network123456
network2
network2020
network2020!
network2021
network2021!
network2022
network2022!
network2023
network2023!
network2024
network2024!
network2025
network2025!
network2026
network2026!
network22
network3
network33
network4
network5
network6
network7
network8
network9
network99
network99!
network??
network@
network@123
nov2015
nov2015!
nov2016
nov2016!
nov2017
nov2017!
nov2018
nov2018!
nov2019
nov2019!
nov2020
nov2020!
nov2021
nov2021!
nov2022
nov2022!
nov2023
nov2023!
nov2024
nov2024!
nov2025
nov2025!
nov2026
nov2026!
nov2027
nov2027!
november2015
november2015!
november2016
november2016!
november2017
november2017!
november2018
november2018!
november2019
november2019!
november2020
november2020!
november2021
november2021!
november2022
november2022!
november2023
november2023!
november2024
november2024!
november2025
november2025!
november2026
november2026!
november2027
november2027!
oct2015
oct2015!
oct2016
oct2016!
oct2017
oct2017!
oct2018
oct2018!
oct2019
oct2019!
oct2020
oct2020!
oct2021
oct2021!
oct2022
oct2022!
oct2023
oct2023!
oct2024
oct2024!
oct2025
oct2025!
oct2026
oct2026!
oct2027
oct2027!
october2015
october2015!
october2016
october2016!
october2017
october2017!
october2018
october2018!
october2019
october2019!
october2020
october2020!
october2021
october2021!
october2022
october2022!
october2023
october2023!
october2024
october2024!
october2025
october2025!
october2026
october2026!
october2027
october2027!
office
office!
office!!
office!!!
office!@#
office#1
office$
office0
office00
office007
office01
office01!
office02
office1
office1!
office12
office123
office123!
office1234
office1234!
office12345
office123456
office2
office2020
office2020!
office2021
office2021!
office2022
office2022!
office2023
office2023!
office2024
office2024!
office2025
office2025!
office2026
office2026!
office22
office3
office33
office4
office5
office6
office7
office8
office9
office99
office99!
office??
office@
office@123
orange!
orange!!
orange!!!
orange!@#
orange#1
orange$
orange0
orange00
orange007
orange01
orange01!
orange02
orange1
orange1!
orange12
orange123
orange123!
orange1234
orange1234!
orange12345
orange123456
orange2
orange2020
orange2020!
orange2021
orange2021!
orange2022
orange2022!
orange2023
orange2023!
orange2024
orange2024!
orange2025
orange2025!
orange2026
orange2026!
orange22
orange3
orange33
orange4
orange5
orange6
orange7
orange8
orange9
orange99
orange99!
orange??
orange@
orange@123
p@ssword123
p@ssword123!
p@ssword1231
p@ssword123123
pamela
pamela!
pamela1
pamela12
pamela123
pamela123!
pamela1234
pamela2024
pamela2025
pamela2026
panther!
panther!!
panther!!!
panther!@#
panther#1
panther$
panther0
panther00
panther007
panther01
panther01!
panther02
panther1!
panther12
panther123
panther123!
panther1234
panther1234!
panther12345
panther123456
panther2
panther2020
panther2020!
panther2021
panther2021!
panther2022
panther2022!
panther2023
panther2023!
panther2024
panther2024!
panther2025
panther2025!
panther2026
panther2026!
panther22
panther3
panther33
panther4
panther5
panther6
panther7
panther8
panther9
panther99
panther99!
panther??
panther@
panther@123
password!!
password!!!
password!@#
password$
password0
password00
password007
password01!
password02
password1!
password12
password123!
password1234
password1234!
password12341
password1234123
password12345
password123456
password2
password2020
password2020!
password2021
password2021!
password2022
password2022!
password2023
password2023!
password2024!
password2025!
password2026!
password22
password3
password33
password4
password5
password6
password7
password8
password9
password99
password99!
password??
password@
password@123
patricia
patricia!
patricia1
patricia12
patricia123
patricia123!
patricia1234
patricia2024
patricia2025
patricia2026
paul
paul!
paul1
paul12
paul123
paul123!
paul1234
paul2024
paul2025
paul2026
pepper!
pepper!!
pepper!!!
pepper!@#
pepper#1
pepper$
pepper0
pepper00
pepper007
pepper01
pepper01!
pepper02
pepper1
pepper1!
pepper12
pepper123
pepper123!
pepper1234
pepper1234!
pepper12345
pepper123456
pepper2
pepper2020
pepper2020!
pepper2021
pepper2021!
pepper2022
pepper2022!
pepper2023
pepper2023!
pepper2024
pepper2024!
pepper2025
pepper2025!
pepper2026
pepper2026!
pepper22
pepper3
pepper33
pepper4
pepper5
pepper6
pepper7
pepper8
pepper9
pepper99
pepper99!
pepper??
pepper@
pepper@123
porter!
porter!!
porter!!!
porter!@#
porter#1
porter$
porter0
porter00
porter007
porter01
porter01!
porter02
porter1
porter1!
porter12
porter123
porter123!
porter1234
porter1234!
porter12345
porter123456
porter2
porter2020
porter2020!
porter2021
porter2021!
porter2022
porter2022!
porter2023
porter2023!
porter2024
porter2024!
porter2025
porter2025!
porter2026
porter2026!
porter22
porter3
porter33
porter4
porter5
porter6
porter7
porter8
porter9
porter99
porter99!
porter??
porter@
porter@123
princess!
princess!!
princess!!!
princess!@#
princess#1
princess$
princess0
princess00
princess007
princess01
princess01!
princess02
princess1
princess1!
princess12
princess123
princess123!
princess1234
princess1234!
princess12345
princess123456
princess2
princess2020
princess2020!
princess2021
princess2021!
princess2022
princess2022!
princess2023
princess2023!
princess2024
princess2024!
princess2025
princess2025!
princess2026
princess2026!
princess22
princess3
princess33
princess4
princess5
princess6
princess7
princess8
princess9
princess99
princess99!
princess??
princess@
princess@123
purple
purple!
purple!!
purple!!!
purple!@#
purple#1
purple$
purple0
purple00
purple007
purple01
purple01!
purple02
purple1
purple1!
purple12
purple123
purple123!
purple1234
purple1234!
purple12345
purple123456
purple2
purple2020
purple2020!
purple2021
purple2021!
purple2022
purple2022!
purple2023
purple2023!
purple2024
purple2024!
purple2025
purple2025!
purple2026
purple2026!
purple22
purple3
purple33
purple4
purple5
purple6
purple7
purple8
purple9
purple99
purple99!
purple??
purple@
purple@123
qazwsx!
qazwsx1
qazwsx123
qazxsw!
qazxsw1
qazxsw123
qazxswedc
qazxswedc!
qazxswedc1
qazxswedc123
qwer1234
qwer1234!
qwer12341
qwer1234123
qwerasdf!
qwerasdf1
qwerasdf123
qwert
qwert!
qwert1
qwert123
qwerty!
qwertyu
qwertyu!
qwertyu1
qwertyu123
qwertyui
qwertyui!
qwertyui1
qwertyui123
qwertyuiop!
qwertyuiop1
qwertyuiop123
rangers!
rangers!!
rangers!!!
rangers!@#
rangers#1
rangers$
rangers0
rangers00
rangers007
rangers01
rangers01!
rangers02
rangers1!
rangers12
rangers123
rangers123!
rangers1234
rangers1234!
rangers12345
rangers123456
rangers2
rangers2020
rangers2020!
rangers2021
rangers2021!
rangers2022
rangers2022!
rangers2023
rangers2023!
rangers2024
rangers2024!
rangers2025
rangers2025!
rangers2026
rangers2026!
rangers22
rangers3
rangers33
rangers4
rangers5
rangers6
rangers7
rangers8
rangers9
rangers99
rangers99!
rangers??
rangers@
rangers@123
raymond
raymond!
raymond1
raymond12
raymond123
raymond123!
raymond1234
raymond2024
raymond2025
raymond2026
rebecca
rebecca!
rebecca1
rebecca12
rebecca123
rebecca123!
rebecca1234
rebecca2024
rebecca2025
rebecca2026
rfvtgb
rfvtgb!
rfvtgb1
rfvtgb123
richard
richard!
richard1
richard12
richard123
richard123!
richard1234
richard2024
richard2025
richard2026
robert!
robert!!
robert!!!
robert!@#
robert#1
robert$
robert0
robert00
robert007
robert01
robert01!
robert02
robert1
robert1!
robert12
robert123
robert123!
robert1234
robert1234!
robert12345
robert123456
robert2
robert2020
robert2020!
robert2021
robert2021!
robert2022
robert2022!
robert2023
robert2023!
robert2024
robert2024!
robert2025
robert2025!
robert2026
robert2026!
robert22
robert3
robert33
robert4
robert5
robert6
robert7
robert8
robert9
robert99
robert99!
robert??
robert@
robert@123
ronald
ronald!
ronald1
ronald12
ronald123
ronald123!
ronald1234
ronald2024
ronald2025
ronald2026
ruth
ruth!
ruth1
ruth12
ruth123
ruth123!
ruth1234
ruth2024
ruth2025
ruth2026
samuel!
samuel!!
samuel!!!
samuel!@#
samuel#1
samuel$
samuel0
samuel00
samuel007
samuel01
samuel01!
samuel02
samuel1
samuel1!
samuel12
samuel123
samuel123!
samuel1234
samuel1234!
samuel12345
samuel123456
samuel2
samuel2020
samuel2020!
samuel2021
samuel2021!
samuel2022
samuel2022!
samuel2023
samuel2023!
samuel2024
samuel2024!
samuel2025
samuel2025!
samuel2026
samuel2026!
samuel22
samuel3
samuel33
samuel4
samuel5
samuel6
samuel7
samuel8
samuel9
samuel99
samuel99!
samuel??
samuel@
samuel@123
sandra
sandra!
sandra1
sandra12
sandra123
sandra123!
sandra1234
sandra2024
sandra2025
sandra2026
sarah
sarah!
sarah1
sarah12
sarah123
sarah123!
sarah1234
sarah2024
sarah2025
sarah2026
scott
scott!
scott1
scott12
scott123
scott123!
scott1234
scott2024
scott2025
scott2026
secret!
secret!!
secret!!!
secret!@#
secret#1
secret$
secret0
secret00
secret007
secret01
secret01!
secret02
secret1
secret1!
secret12
secret123!
secret1234
secret1234!
secret12345
secret123456
secret2
secret2020
secret2020!
secret2021
secret2021!
secret2022
secret2022!
secret2023
secret2023!
secret2024
secret2024!
secret2025
secret2025!
secret2026
secret2026!
secret22
secret3
secret33
secret4
secret5
secret6
secret7
secret8
secret9
secret99
secret99!
secret??
secret@
secret@123
security
security!
security!!
security!!!
security!@#
security#1
security$
security0
security00
security007
security01
security01!
security02
security1
security1!
security12
security123
security123!
security1234
security1234!
security12345
security123456
security2
security2020
security2020!
security2021
security2021!
security2022
security2022!
security2023
security2023!
security2024
security2024!
security2025
security2025!
security2026
security2026!
security22
security3
security33
security4
security5
security6
security7
security8
security9
security99
security99!
security??
security@
security@123
sep2015
sep2015!
sep2016
sep2016!
sep2017
sep2017!
sep2018
sep2018!
sep2019
sep2019!
sep2020
sep2020!
sep2021
sep2021!
sep2022
sep2022!
sep2023
sep2023!
sep2024
sep2024!
sep2025
sep2025!
sep2026
sep2026!
sep2027
sep2027!
september2015
september2015!
september2016
september2016!
september2017
september2017!
september2018
september2018!
september2019
september2019!
september2020
september2020!
september2021
september2021!
september2022
september2022!
september2023
september2023!
september2024
september2024!
september2025
september2025!
september2026
september2026!
september2027
september2027!
server
server!
server!!
server!!!
server!@#
server#1
server$
server0
server00
server007
server01
server01!
server02
server1
server1!
server12
server123
server123!
server1234
server1234!
server12345
server123456
server2
server2020
server2020!
server2021
server2021!
server2022
server2022!
server2023
server2023!
server2024
server2024!
server2025
server2025!
server2026
server2026!
server22
server3
server33
server4
server5
server6
server7
server8
server9
server99
server99!
server??
server@
server@123
service
service!
service!!
service!!!
service!@#
service#1
service$
service0
service00
service007
service01
service01!
service02
service1
service1!
service12
service123
service123!
service1234
service1234!
service12345
service123456
service2
service2020
service2020!
service2021
service2021!
service2022
service2022!
service2023
service2023!
service2024
service2024!
service2025
service2025!
service2026
service2026!
service22
service3
service33
service4
service5
service6
service7
service8
service9
service99
service99!
service??
service@
service@123
shadow!
shadow!!
shadow!!!
shadow!@#
shadow#1
shadow$
shadow0
shadow00
shadow007
shadow01
shadow01!
shadow02
shadow1!
shadow12
shadow123
shadow123!
shadow1234
shadow1234!
shadow12345
shadow123456
shadow2
shadow2020
shadow2020!
shadow2021
shadow2021!
shadow2022
shadow2022!
shadow2023
shadow2023!
shadow2024
shadow2024!
shadow2025
shadow2025!
shadow2026
shadow2026!
shadow22
shadow3
shadow33
shadow4
shadow5
shadow6
shadow7
shadow8
shadow9
shadow99
shadow99!
shadow??
shadow@
shadow@123
sharon
sharon!
sharon1
sharon12
sharon123
sharon123!
sharon1234
sharon2024
sharon2025
sharon2026
shirley
shirley!
shirley1
shirley12
shirley123
shirley123!
shirley1234
shirley2024
shirley2025
shirley2026
silver!
silver!!
silver!!!
silver!@#
silver#1
silver$
silver0
silver00
silver007
silver01
silver01!
silver02
silver1
silver1!
silver12
silver123
silver123!
silver1234
silver1234!
silver12345
silver123456
silver2
silver2020
silver2020!
silver2021
silver2021!
silver2022
silver2022!
silver2023
silver2023!
silver2024
silver2024!
silver2025
silver2025!
silver2026
silver2026!
silver22
silver3
silver33
silver4
silver5
silver6
silver7
silver8
silver9
silver99
silver99!
silver??
silver@
silver@123
soccer!
soccer!!
soccer!!!
soccer!@#
soccer#1
soccer$
soccer0
soccer00
soccer007
soccer01
soccer01!
soccer02
soccer1
soccer1!
soccer12
soccer123
soccer123!
soccer1234
soccer1234!
soccer12345
soccer123456
soccer2
soccer2020
soccer2020!
soccer2021
soccer2021!
soccer2022
soccer2022!
soccer2023
soccer2023!
soccer2024
soccer2024!
soccer2025
soccer2025!
soccer2026
soccer2026!
soccer22
soccer3
soccer33
soccer4
soccer5
soccer6
soccer7
soccer8
soccer9
soccer99
soccer99!
soccer??
soccer@
soccer@123
spiderman!
spiderman!!
spiderman!!!
spiderman!@#
spiderman#1
spiderman$
spiderman0
spiderman00
spiderman007
spiderman01
spiderman01!
spiderman02
spiderman1!
spiderman12
spiderman123
spiderman123!
spiderman1234
spiderman1234!
spiderman12345
spiderman123456
spiderman2
spiderman2020
spiderman2020!
spiderman2021
spiderman2021!
spiderman2022
spiderman2022!
spiderman2023
spiderman2023!
spiderman2024
spiderman2024!
spiderman2025
spiderman2025!
spiderman2026
spiderman2026!
spiderman22
spiderman3
spiderman33
spiderman4
spiderman5
spiderman6
spiderman7
spiderman8
spiderman9
spiderman99
spiderman99!
spiderman??
spiderman@
spiderman@123
spring!
spring!!
spring!!!
spring!@#
spring#1
spring$
spring0
spring00
spring007
spring01
spring01!
spring02
spring1
spring1!
spring12
spring123
spring123!
spring1234
spring1234!
spring12345
spring123456
spring2
spring2015
spring2015!
spring2016
spring2016!
spring2017
spring2017!
spring2018
spring2018!
spring2019
spring2019!
spring2020
spring2020!
spring2021
spring2021!
spring2022
spring2022!
spring2023
spring2023!
spring2024
spring2024!
spring2025
spring2025!
spring2026
spring2026!
spring2027
spring2027!
spring22
spring3
spring33
spring4
spring5
spring6
spring7
spring8
spring9
spring99
spring99!
spring??
spring@
spring@123
stella!
stella!!
stella!!!
stella!@#
stella#1
stella$
stella0
stella00
stella007
stella01
stella01!
stella02
stella1
stella1!
stella12
stella123
stella123!
stella1234
stella1234!
stella12345
stella123456
stella2
stella2020
stella2020!
stella2021
stella2021!
stella2022
stella2022!
stella2023
stella2023!
stella2024
stella2024!
stella2025
stella2025!
stella2026
stella2026!
stella22
stella3
stella33
stella4
stella5
stella6
stella7
stella8
stella9
stella99
stella99!
stella??
stella@
stella@123
stephanie!
stephanie1
stephanie12
stephanie123
stephanie123!
stephanie1234
stephanie2024
stephanie2025
stephanie2026
stephen
stephen!
stephen1
stephen12
stephen123
stephen123!
stephen1234
stephen2024
stephen2025
stephen2026
steven
steven!
steven1
steven12
steven123
steven123!
steven1234
steven2024
steven2025
steven2026
student
student!
student!!
student!!!
student!@#
student#1
student$
student0
student00
student007
student01
student01!
student02
student1
student1!
student12
student123
student123!
student1234
student1234!
student12345
student123456
student2
student2020
student2020!
student2021
student2021!
student2022
student2022!
student2023
student2023!
student2024
student2024!
student2025
student2025!
student2026
student2026!
student22
student3
student33
student4
student5
student6
student7
student8
student9
student99
student99!
student??
student@
student@123
summer!
summer!!
summer!!!
summer!@#
summer#1
summer$
summer0
summer00
summer007
summer01
summer01!
summer02
summer1
summer1!
summer12
summer123
summer123!
summer1234
summer1234!
summer12345
summer123456
summer2
summer2015
summer2015!
summer2016
summer2016!
summer2017
summer2017!
summer2018
summer2018!
summer2019
summer2019!
summer2020
summer2020!
summer2021
summer2021!
summer2022
summer2022!
summer2023
summer2023!
summer2024
summer2024!
summer2025
summer2025!
summer2026
summer2026!
summer2027
summer2027!
summer22
summer3
summer33
summer4
summer5
summer6
summer7
summer8
summer9
summer99
summer99!
summer??
summer@
summer@123
sunset!
sunset!!
sunset!!!
sunset!@#
sunset#1
sunset$
sunset0
sunset00
sunset007
sunset01
sunset01!
sunset02
sunset1
sunset1!
sunset12
sunset123
sunset123!
sunset1234
sunset1234!
sunset12345
sunset123456
sunset2
sunset2020
sunset2020!
sunset2021
sunset2021!
sunset2022
sunset2022!
sunset2023
sunset2023!
sunset2024
sunset2024!
sunset2025
sunset2025!
sunset2026
sunset2026!
sunset22
sunset3
sunset33
sunset4
sunset5
sunset6
sunset7
sunset8
sunset9
sunset99
sunset99!
sunset??
sunset@
sunset@123
sunshine!
sunshine!!
sunshine!!!
sunshine!@#
sunshine#1
sunshine$
sunshine0
sunshine00
sunshine007
sunshine01
sunshine01!
sunshine02
sunshine1
sunshine1!
sunshine12
sunshine123
sunshine123!
sunshine1234
sunshine1234!
sunshine12345
sunshine123456
sunshine2
sunshine2020
sunshine2020!
sunshine2021
sunshine2021!
sunshine2022
sunshine2022!
sunshine2023
sunshine2023!
sunshine2024
sunshine2024!
sunshine2025
sunshine2025!
sunshine2026
sunshine2026!
sunshine22
sunshine3
sunshine33
sunshine4
sunshine5
sunshine6
sunshine7
sunshine8
sunshine9
sunshine99
sunshine99!
sunshine??
sunshine@
sunshine@123
superman!
superman!!
superman!!!
superman!@#
superman#1
superman$
superman0
superman00
superman007
superman01
superman01!
superman02
superman1!
superman12
superman123
superman123!
superman1234
superman1234!
superman12345
superman123456
superman2
superman2020
superman2020!
superman2021
superman2021!
superman2022
superman2022!
superman2023
superman2023!
superman2024
superman2024!
superman2025
superman2025!
superman2026
superman2026!
superman22
superman3
superman33
superman4
superman5
superman6
superman7
superman8
superman9
superman99
superman99!
superman??
superman@
superman@123
support
support!
support!!
support!!!
support!@#
support#1
support$
support0
support00
support007
support01
support01!
support02
support1
support1!
support12
support123
support123!
support1234
support1234!
support12345
support123456
support2
support2020
support2020!
support2021
support2021!
support2022
support2022!
support2023
support2023!
support2024
support2024!
support2025
support2025!
support2026
support2026!
support22
support3
support33
support4
support5
support6
support7
support8
support9
support99
support99!
support??
support@
support@123
susan
susan!
susan1
susan12
susan123
susan123!
susan1234
susan2024
susan2025
susan2026
system
system!
system!!
system!!!
system!@#
system#1
system$
system0
system00
system007
system01
system01!
system02
system1
system1!
system12
system123
system123!
system1234
system1234!
system12345
system123456
system2
system2020
system2020!
system2021
system2021!
system2022
system2022!
system2023
system2023!
system2024
system2024!
system2025
system2025!
system2026
system2026!
system22
system3
system33
system4
system5
system6
system7
system8
system9
system99
system99!
system??
system@
system@123
teresa
teresa!
teresa1
teresa12
teresa123
teresa123!
teresa1234
teresa2024
teresa2025
teresa2026
testing
testing!
testing!!
testing!!!
testing!@#
testing#1
testing$
testing0
testing00
testing007
testing01
testing01!
testing02
testing1
testing1!
testing12
testing123
testing123!
testing1234
testing1234!
testing12345
testing123456
testing2
testing2020
testing2020!
testing2021
testing2021!
testing2022
testing2022!
testing2023
testing2023!
testing2024
testing2024!
testing2025
testing2025!
testing2026
testing2026!
testing22
testing3
testing33
testing4
testing5
testing6
testing7
testing8
testing9
testing99
testing99!
testing??
testing@
testing@123
tgbyhn
tgbyhn!
tgbyhn1
tgbyhn123
thomas!
thomas!!
thomas!!!
thomas!@#
thomas#1
thomas$
thomas0
thomas00
thomas007
thomas01
thomas01!
thomas02
thomas1
thomas1!
thomas12
thomas123
thomas123!
thomas1234
thomas1234!
thomas12345
thomas123456
thomas2
thomas2020
thomas2020!
thomas2021
thomas2021!
thomas2022
thomas2022!
thomas2023
thomas2023!
thomas2024
thomas2024!
thomas2025
thomas2025!
thomas2026
thomas2026!
thomas22
thomas3
thomas33
thomas4
thomas5
thomas6
thomas7
thomas8
thomas9
thomas99
thomas99!
thomas??
thomas@
thomas@123
thunder!
thunder!!
thunder!!!
thunder!@#
thunder#1
thunder$
thunder0
thunder00
thunder007
thunder01
thunder01!
thunder02
thunder1
thunder1!
thunder12
thunder123
thunder123!
thunder1234
thunder1234!
thunder12345
thunder123456
thunder2
thunder2020
thunder2020!
thunder2021
thunder2021!
thunder2022
thunder2022!
thunder2023
thunder2023!
thunder2024
thunder2024!
thunder2025
thunder2025!
thunder2026
thunder2026!
thunder22
thunder3
thunder33
thunder4
thunder5
thunder6
thunder7
thunder8
thunder9
thunder99
thunder99!
thunder??
thunder@
thunder@123
timber!
timber!!
timber!!!
timber!@#
timber#1
timber$
timber0
timber00
timber007
timber01
timber01!
timber02
timber1
timber1!
timber12
timber123
timber123!
timber1234
timber1234!
timber12345
timber123456
timber2
timber2020
timber2020!
timber2021
timber2021!
timber2022
timber2022!
timber2023
timber2023!
timber2024
timber2024!
timber2025
timber2025!
timber2026
timber2026!
timber22
timber3
timber33
timber4
timber5
timber6
timber7
timber8
timber9
timber99
timber99!
timber??
timber@
timber@123
timothy
timothy!
timothy1
timothy12
timothy123
timothy123!
timothy1234
timothy2024
timothy2025
timothy2026
trouble!
trouble!!
trouble!!!
trouble!@#
trouble#1
trouble$
trouble0
trouble00
trouble007
trouble01
trouble01!
trouble02
trouble1
trouble1!
trouble12
trouble123
trouble123!
trouble1234
trouble1234!
trouble12345
trouble123456
trouble2
trouble2020
trouble2020!
trouble2021
trouble2021!
trouble2022
trouble2022!
trouble2023
trouble2023!
trouble2024
trouble2024!
trouble2025
trouble2025!
trouble2026
trouble2026!
trouble22
trouble3
trouble33
trouble4
trouble5
trouble6
trouble7
trouble8
trouble9
trouble99
trouble99!
trouble??
trouble@
trouble@123
trustno1!
trustno1!!
trustno1!!!
trustno1!@#
trustno1#1
trustno1$
trustno10
trustno100
trustno1007
trustno101
trustno101!
trustno102
trustno11
trustno11!
trustno112
trustno1123
trustno1123!
trustno11234
trustno11234!
trustno112345
trustno1123456
trustno12
trustno12020
trustno12020!
trustno12021
trustno12021!
trustno12022
trustno12022!
trustno12023
trustno12023!
trustno12024
trustno12024!
trustno12025
trustno12025!
trustno12026
trustno12026!
trustno122
trustno13
trustno133
trustno14
trustno15
trustno16
trustno17
trustno18
trustno19
trustno199
trustno199!
trustno1??
trustno1@
trustno1@123
ujmik
ujmik!
ujmik1
ujmik123
virginia
virginia!
virginia1
virginia12
virginia123
virginia123!
virginia1234
virginia2024
virginia2025
virginia2026
visitor
visitor!
visitor!!
visitor!!!
visitor!@#
visitor#1
visitor$
visitor0
visitor00
visitor007
visitor01
visitor01!
visitor02
visitor1
visitor1!
visitor12
visitor123
visitor123!
visitor1234
visitor1234!
visitor12345
visitor123456
visitor2
visitor2020
visitor2020!
visitor2021
visitor2021!
visitor2022
visitor2022!
visitor2023
visitor2023!
visitor2024
visitor2024!
visitor2025
visitor2025!
visitor2026
visitor2026!
visitor22
visitor3
visitor33
visitor4
visitor5
visitor6
visitor7
visitor8
visitor9
visitor99
visitor99!
visitor??
visitor@
visitor@123
walter!
walter!!
walter!!!
walter!@#
walter#1
walter$
walter0
walter00
walter007
walter01
walter01!
walter02
walter1
walter1!
walter12
walter123
walter123!
walter1234
walter1234!
walter12345
walter123456
walter2
walter2020
walter2020!
walter2021
walter2021!
walter2022
walter2022!
walter2023
walter2023!
walter2024
walter2024!
walter2025
walter2025!
walter2026
walter2026!
walter22
walter3
walter33
walter4
walter5
walter6
walter7
walter8
walter9
walter99
walter99!
walter??
walter@
walter@123
welcome!
welcome!!
welcome!!!
welcome!@#
welcome#1
welcome$
welcome0
welcome00
welcome007
welcome01
welcome01!
welcome02
welcome1!
welcome12
welcome123
welcome123!
welcome1234
welcome1234!
welcome12345
welcome123456
welcome2
welcome2020
welcome2020!
welcome2021
welcome2021!
welcome2022
welcome2022!
welcome2023
welcome2023!
welcome2024!
welcome2025!
welcome2026
welcome2026!
welcome22
welcome3
welcome33
welcome4
welcome5
welcome6
welcome7
welcome8
welcome9
welcome99
welcome99!
welcome??
welcome@
welcome@123
william!
william!!
william!!!
william!@#
william#1
william$
william0
william00
william007
william01
william01!
william02
william1
william1!
william12
william123
william123!
william1234
william1234!
william12345
william123456
william2
william2020
william2020!
william2021
william2021!
william2022
william2022!
william2023
william2023!
william2024
william2024!
william2025
william2025!
william2026
william2026!
william22
william3
william33
william4
william5
william6
william7
william8
william9
william99
william99!
william??
william@
william@123
winner!
winner!!
winner!!!
winner!@#
winner#1
winner$
winner0
winner00
winner007
winner01
winner01!
winner02
winner1
winner1!
winner12
winner123
winner123!
winner1234
winner1234!
winner12345
winner123456
winner2
winner2020
winner2020!
winner2021
winner2021!
winner2022
winner2022!
winner2023
winner2023!
winner2024
winner2024!
winner2025
winner2025!
winner2026
winner2026!
winner22
winner3
winner33
winner4
winner5
winner6
winner7
winner8
winner9
winner99
winner99!
winner??
winner@
winner@123
winter
winter!
winter!!
winter!!!
winter!@#
winter#1
winter$
winter0
winter00
winter007
winter01
winter01!
winter02
winter1
winter1!
winter12
winter123
winter123!
winter1234
winter1234!
winter12345
winter123456
winter2
winter2015
winter2015!
winter2016
winter2016!
winter2017
winter2017!
winter2018
winter2018!
winter2019
winter2019!
winter2020
winter2020!
winter2021
winter2021!
winter2022
winter2022!
winter2023
winter2023!
winter2024
winter2024!
winter2025
winter2025!
winter2026
winter2026!
winter2027
winter2027!
winter22
winter3
winter33
winter4
winter5
winter6
winter7
winter8
winter9
winter99
winter99!
winter??
winter@
winter@123
wsxedc
wsxedc!
wsxedc1
wsxedc123
yellow!
yellow!!
yellow!!!
yellow!@#
yellow#1
yellow$
yellow0
yellow00
yellow007
yellow01
yellow01!
yellow02
yellow1
yellow1!
yellow12
yellow123
yellow123!
yellow1234
yellow1234!
yellow12345
yellow123456
yellow2
yellow2020
yellow2020!
yellow2021
yellow2021!
yellow2022
yellow2022!
yellow2023
yellow2023!
yellow2024
yellow2024!
yellow2025
yellow2025!
yellow2026
yellow2026!
yellow22
yellow3
yellow33
yellow4
yellow5
yellow6
yellow7
yellow8
yellow9
yellow99
yellow99!
yellow??
yellow@
yellow@123
yhnujm
yhnujm!
yhnujm1
yhnujm123
zaq1xsw2
zaq1xsw2!
zaq1xsw21
zaq1xsw2123
zxcvb
zxcvb!
zxcvb1
zxcvb123
zxcvbn!
zxcvbn1
zxcvbn123
zxcvbnm!
zxcvbnm1
zxcvbnm123